experiment_id,bootstrap_run,seed,basis,fold_factor,noise_p,shots,expectation,counts
GHZ4_FOLDING_ZZZZ_vs_XXXX,0,7000,Z,1,0.08,3000,0.5806666666666667,"{'1111': 1087, '1000': 68, '0000': 1074, '0001': 130, '1101': 50, '0011': 95, '1011': 60, '1110': 154, '1100': 89, '0100': 58, '0111': 63, '0010': 46, '1001': 12, '1010': 7, '0101': 4, '0110': 3}"
GHZ4_FOLDING_ZZZZ_vs_XXXX,0,7000,X,1,0.08,3000,0.372,"{'1001': 243, '1010': 269, '1101': 99, '0011': 287, '0110': 221, '1111': 278, '1110': 115, '0101': 270, '1000': 142, '0100': 110, '0010': 105, '0001': 121, '1011': 125, '1100': 256, '0000': 234, '0111': 125}"
GHZ4_FOLDING_ZZZZ_vs_XXXX,0,7000,Z,3,0.08,3000,0.5806666666666667,"{'1111': 1087, '1000': 68, '0000': 1074, '0001': 130, '1101': 50, '0011': 95, '1011': 60, '1110': 154, '1100': 89, '0100': 58, '0111': 63, '0010': 46, '1001': 12, '1010': 7, '0101': 4, '0110': 3}"
GHZ4_FOLDING_ZZZZ_vs_XXXX,0,7000,X,3,0.08,3000,0.372,"{'1001': 243, '1010': 269, '1101': 99, '0011': 287, '0110': 221, '1111': 278, '1110': 115, '0101': 270, '1000': 142, '0100': 110, '0010': 105, '0001': 121, '1011': 125, '1100': 256, '0000': 234, '0111': 125}"
GHZ4_FOLDING_ZZZZ_vs_XXXX,0,7000,Z,5,0.08,3000,0.5806666666666667,"{'1111': 1087, '1000': 68, '0000': 1074, '0001': 130, '1101': 50, '0011': 95, '1011': 60, '1110': 154, '1100': 89, '0100': 58, '0111': 63, '0010': 46, '1001': 12, '1010': 7, '0101': 4, '0110': 3}"
GHZ4_FOLDING_ZZZZ_vs_XXXX,0,7000,X,5,0.08,3000,0.372,"{'1001': 243, '1010': 269, '1101': 99, '0011': 287, '0110': 221, '1111': 278, '1110': 115, '0101': 270, '1000': 142, '0100': 110, '0010': 105, '0001': 121, '1011': 125, '1100': 256, '0000': 234, '0111': 125}"
GHZ4_FOLDING_ZZZZ_vs_XXXX,1,7001,Z,1,0.08,3000,0.588,"{'1100': 108, '1000': 50, '0000': 1071, '1111': 1072, '1110': 151, '1011': 52, '0001': 138, '0100': 43, '0011': 102, '0010': 58, '1101': 71, '0111': 55, '1001': 5, '0101': 11, '1010': 8, '0110': 5}"
GHZ4_FOLDING_ZZZZ_vs_XXXX,1,7001,X,1,0.08,3000,0.4026666666666667,"{'1010': 241, '1001': 291, '1100': 268, '0011': 230, '0000': 269, '1000': 106, '0100': 108, '1111': 289, '0010': 123, '0110': 252, '0101': 264, '1011': 108, '0001': 130, '1101': 110, '1110': 104, '0111': 107}"
GHZ4_FOLDING_ZZZZ_vs_XXXX,1,7001,Z,3,0.08,3000,0.588,"{'1100': 108, '1000': 50, '0000': 1071, '1111': 1072, '1110': 151, '1011': 52, '0001': 138, '0100': 43, '0011': 102, '0010': 58, '1101': 71, '0111': 55, '1001': 5, '0101': 11, '1010': 8, '0110': 5}"
GHZ4_FOLDING_ZZZZ_vs_XXXX,1,7001,X,3,0.08,3000,0.4026666666666667,"{'1010': 241, '1001': 291, '1100': 268, '0011': 230, '0000': 269, '1000': 106, '0100': 108, '1111': 289, '0010': 123, '0110': 252, '0101': 264, '1011': 108, '0001': 130, '1101': 110, '1110': 104, '0111': 107}"
GHZ4_FOLDING_ZZZZ_vs_XXXX,1,7001,Z,5,0.08,3000,0.588,"{'1100': 108, '1000': 50, '0000': 1071, '1111': 1072, '1110': 151, '1011': 52, '0001': 138, '0100': 43, '0011': 102, '0010': 58, '1101': 71, '0111': 55, '1001': 5, '0101': 11, '1010': 8, '0110': 5}"
GHZ4_FOLDING_ZZZZ_vs_XXXX,1,7001,X,5,0.08,3000,0.4026666666666667,"{'1010': 241, '1001': 291, '1100': 268, '0011': 230, '0000': 269, '1000': 106, '0100': 108, '1111': 289, '0010': 123, '0110': 252, '0101': 264, '1011': 108, '0001': 130, '1101': 110, '1110': 104, '0111': 107}"
GHZ4_FOLDING_ZZZZ_vs_XXXX,2,7002,Z,1,0.08,3000,0.6026666666666667,"{'0000': 1096, '1111': 1096, '1011': 40, '0010': 70, '1101': 68, '0101': 7, '1110': 137, '0001': 140, '1100': 91, '0111': 49, '0011': 93, '1000': 43, '1010': 8, '0100': 49, '1001': 9, '0110': 4}"
GHZ4_FOLDING_ZZZZ_vs_XXXX,2,7002,X,1,0.08,3000,0.3933333333333333,"{'0010': 112, '0110': 261, '1111': 271, '0101': 259, '1100': 257, '0011': 269, '1101': 121, '0100': 126, '1001': 257, '0000': 268, '1110': 120, '1010': 248, '1011': 120, '0001': 111, '1000': 98, '0111': 102}"
GHZ4_FOLDING_ZZZZ_vs_XXXX,2,7002,Z,3,0.08,3000,0.6026666666666667,"{'0000': 1096, '1111': 1096, '1011': 40, '0010': 70, '1101': 68, '0101': 7, '1110': 137, '0001': 140, '1100': 91, '0111': 49, '0011': 93, '1000': 43, '1010': 8, '0100': 49, '1001': 9, '0110': 4}"
GHZ4_FOLDING_ZZZZ_vs_XXXX,2,7002,X,3,0.08,3000,0.3933333333333333,"{'0010': 112, '0110': 261, '1111': 271, '0101': 259, '1100': 257, '0011': 269, '1101': 121, '0100': 126, '1001': 257, '0000': 268, '1110': 120, '1010': 248, '1011': 120, '0001': 111, '1000': 98, '0111': 102}"
GHZ4_FOLDING_ZZZZ_vs_XXXX,2,7002,Z,5,0.08,3000,0.6026666666666667,"{'0000': 1096, '1111': 1096, '1011': 40, '0010': 70, '1101': 68, '0101': 7, '1110': 137, '0001': 140, '1100': 91, '0111': 49, '0011': 93, '1000': 43, '1010': 8, '0100': 49, '1001': 9, '0110': 4}"
GHZ4_FOLDING_ZZZZ_vs_XXXX,2,7002,X,5,0.08,3000,0.3933333333333333,"{'0010': 112, '0110': 261, '1111': 271, '0101': 259, '1100': 257, '0011': 269, '1101': 121, '0100': 126, '1001': 257, '0000': 268, '1110': 120, '1010': 248, '1011': 120, '0001': 111, '1000': 98, '0111': 102}"
GHZ4_FOLDING_ZZZZ_vs_XXXX,3,7003,Z,1,0.08,3000,0.5826666666666667,"{'0111': 56, '1000': 55, '0000': 1085, '1111': 1060, '0100': 54, '1101': 51, '1110': 150, '0001': 141, '0011': 90, '1011': 60, '1100': 98, '0110': 12, '0010': 59, '0101': 11, '1001': 8, '1010': 10}"
GHZ4_FOLDING_ZZZZ_vs_XXXX,3,7003,X,1,0.08,3000,0.37733333333333335,"{'0111': 128, '0000': 280, '1110': 127, '0101': 250, '1011': 113, '1001': 246, '0100': 109, '1111': 246, '1010': 309, '1100': 227, '0011': 257, '0110': 251, '1000': 130, '0001': 116, '0010': 117, '1101': 94}"
GHZ4_FOLDING_ZZZZ_vs_XXXX,3,7003,Z,3,0.08,3000,0.5826666666666667,"{'0111': 56, '1000': 55, '0000': 1085, '1111': 1060, '0100': 54, '1101': 51, '1110': 150, '0001': 141, '0011': 90, '1011': 60, '1100': 98, '0110': 12, '0010': 59, '0101': 11, '1001': 8, '1010': 10}"
GHZ4_FOLDING_ZZZZ_vs_XXXX,3,7003,X,3,0.08,3000,0.37733333333333335,"{'0111': 128, '0000': 280, '1110': 127, '0101': 250, '1011': 113, '1001': 246, '0100': 109, '1111': 246, '1010': 309, '1100': 227, '0011': 257, '0110': 251, '1000': 130, '0001': 116, '0010': 117, '1101': 94}"
GHZ4_FOLDING_ZZZZ_vs_XXXX,3,7003,Z,5,0.08,3000,0.5826666666666667,"{'0111': 56, '1000': 55, '0000': 1085, '1111': 1060, '0100': 54, '1101': 51, '1110': 150, '0001': 141, '0011': 90, '1011': 60, '1100': 98, '0110': 12, '0010': 59, '0101': 11, '1001': 8, '1010': 10}"
GHZ4_FOLDING_ZZZZ_vs_XXXX,3,7003,X,5,0.08,3000,0.37733333333333335,"{'0111': 128, '0000': 280, '1110': 127, '0101': 250, '1011': 113, '1001': 246, '0100': 109, '1111': 246, '1010': 309, '1100': 227, '0011': 257, '0110': 251, '1000': 130, '0001': 116, '0010': 117, '1101': 94}"
GHZ4_FOLDING_ZZZZ_vs_XXXX,4,7004,Z,1,0.08,3000,0.5966666666666667,"{'0000': 1059, '0010': 66, '1111': 1096, '1110': 142, '0011': 98, '1100': 105, '0111': 49, '0001': 130, '1001': 11, '1000': 55, '1101': 58, '0101': 8, '0100': 58, '1011': 47, '1010': 7, '0110': 11}"
GHZ4_FOLDING_ZZZZ_vs_XXXX,4,7004,X,1,0.08,3000,0.37533333333333335,"{'1001': 268, '0001': 109, '0000': 253, '1111': 267, '0110': 268, '1101': 122, '0100': 131, '0011': 241, '1011': 133, '1010': 266, '0111': 117, '0010': 113, '1100': 253, '0101': 247, '1110': 97, '1000': 115}"
GHZ4_FOLDING_ZZZZ_vs_XXXX,4,7004,Z,3,0.08,3000,0.5966666666666667,"{'0000': 1059, '0010': 66, '1111': 1096, '1110': 142, '0011': 98, '1100': 105, '0111': 49, '0001': 130, '1001': 11, '1000': 55, '1101': 58, '0101': 8, '0100': 58, '1011': 47, '1010': 7, '0110': 11}"
GHZ4_FOLDING_ZZZZ_vs_XXXX,4,7004,X,3,0.08,3000,0.37533333333333335,"{'1001': 268, '0001': 109, '0000': 253, '1111': 267, '0110': 268, '1101': 122, '0100': 131, '0011': 241, '1011': 133, '1010': 266, '0111': 117, '0010': 113, '1100': 253, '0101': 247, '1110': 97, '1000': 115}"
GHZ4_FOLDING_ZZZZ_vs_XXXX,4,7004,Z,5,0.08,3000,0.5966666666666667,"{'0000': 1059, '0010': 66, '1111': 1096, '1110': 142, '0011': 98, '1100': 105, '0111': 49, '0001': 130, '1001': 11, '1000': 55, '1101': 58, '0101': 8, '0100': 58, '1011': 47, '1010': 7, '0110': 11}"
GHZ4_FOLDING_ZZZZ_vs_XXXX,4,7004,X,5,0.08,3000,0.37533333333333335,"{'1001': 268, '0001': 109, '0000': 253, '1111': 267, '0110': 268, '1101': 122, '0100': 131, '0011': 241, '1011': 133, '1010': 266, '0111': 117, '0010': 113, '1100': 253, '0101': 247, '1110': 97, '1000': 115}"
GHZ4_FOLDING_ZZZZ_vs_XXXX,5,7005,Z,1,0.08,3000,0.6026666666666667,"{'0000': 1104, '1111': 1055, '1110': 117, '1011': 60, '0001': 161, '1100': 118, '0111': 56, '0100': 51, '1010': 5, '0011': 99, '1101': 58, '0010': 57, '0101': 8, '1000': 36, '0110': 8, '1001': 7}"
GHZ4_FOLDING_ZZZZ_vs_XXXX,5,7005,X,1,0.08,3000,0.388,"{'1011': 121, '0010': 114, '1001': 250, '1010': 268, '0101': 264, '0000': 274, '1000': 100, '1111': 247, '0111': 114, '0011': 275, '0110': 275, '0100': 105, '1100': 229, '1110': 128, '0001': 123, '1101': 113}"
GHZ4_FOLDING_ZZZZ_vs_XXXX,5,7005,Z,3,0.08,3000,0.6026666666666667,"{'0000': 1104, '1111': 1055, '1110': 117, '1011': 60, '0001': 161, '1100': 118, '0111': 56, '0100': 51, '1010': 5, '0011': 99, '1101': 58, '0010': 57, '0101': 8, '1000': 36, '0110': 8, '1001': 7}"
GHZ4_FOLDING_ZZZZ_vs_XXXX,5,7005,X,3,0.08,3000,0.388,"{'1011': 121, '0010': 114, '1001': 250, '1010': 268, '0101': 264, '0000': 274, '1000': 100, '1111': 247, '0111': 114, '0011': 275, '0110': 275, '0100': 105, '1100': 229, '1110': 128, '0001': 123, '1101': 113}"
GHZ4_FOLDING_ZZZZ_vs_XXXX,5,7005,Z,5,0.08,3000,0.6026666666666667,"{'0000': 1104, '1111': 1055, '1110': 117, '1011': 60, '0001': 161, '1100': 118, '0111': 56, '0100': 51, '1010': 5, '0011': 99, '1101': 58, '0010': 57, '0101': 8, '1000': 36, '0110': 8, '1001': 7}"
GHZ4_FOLDING_ZZZZ_vs_XXXX,5,7005,X,5,0.08,3000,0.388,"{'1011': 121, '0010': 114, '1001': 250, '1010': 268, '0101': 264, '0000': 274, '1000': 100, '1111': 247, '0111': 114, '0011': 275, '0110': 275, '0100': 105, '1100': 229, '1110': 128, '0001': 123, '1101': 113}"
GHZ4_FOLDING_ZZZZ_vs_XXXX,6,7006,Z,1,0.08,3000,0.5753333333333334,"{'0110': 10, '1111': 1084, '1000': 57, '0000': 1060, '1011': 62, '0010': 62, '0011': 81, '0001': 142, '1100': 102, '1110': 151, '0111': 56, '1010': 5, '1001': 10, '1101': 51, '0101': 11, '0100': 56}"
GHZ4_FOLDING_ZZZZ_vs_XXXX,6,7006,X,1,0.08,3000,0.39466666666666667,"{'0101': 282, '1110': 133, '0010': 92, '0110': 233, '1111': 250, '0011': 266, '1100': 271, '1000': 129, '0000': 277, '0100': 111, '0111': 128, '1001': 251, '1101': 113, '1010': 262, '0001': 89, '1011': 113}"
GHZ4_FOLDING_ZZZZ_vs_XXXX,6,7006,Z,3,0.08,3000,0.5753333333333334,"{'0110': 10, '1111': 1084, '1000': 57, '0000': 1060, '1011': 62, '0010': 62, '0011': 81, '0001': 142, '1100': 102, '1110': 151, '0111': 56, '1010': 5, '1001': 10, '1101': 51, '0101': 11, '0100': 56}"
GHZ4_FOLDING_ZZZZ_vs_XXXX,6,7006,X,3,0.08,3000,0.39466666666666667,"{'0101': 282, '1110': 133, '0010': 92, '0110': 233, '1111': 250, '0011': 266, '1100': 271, '1000': 129, '0000': 277, '0100': 111, '0111': 128, '1001': 251, '1101': 113, '1010': 262, '0001': 89, '1011': 113}"
GHZ4_FOLDING_ZZZZ_vs_XXXX,6,7006,Z,5,0.08,3000,0.5753333333333334,"{'0110': 10, '1111': 1084, '1000': 57, '0000': 1060, '1011': 62, '0010': 62, '0011': 81, '0001': 142, '1100': 102, '1110': 151, '0111': 56, '1010': 5, '1001': 10, '1101': 51, '0101': 11, '0100': 56}"
GHZ4_FOLDING_ZZZZ_vs_XXXX,6,7006,X,5,0.08,3000,0.39466666666666667,"{'0101': 282, '1110': 133, '0010': 92, '0110': 233, '1111': 250, '0011': 266, '1100': 271, '1000': 129, '0000': 277, '0100': 111, '0111': 128, '1001': 251, '1101': 113, '1010': 262, '0001': 89, '1011': 113}"
GHZ4_FOLDING_ZZZZ_vs_XXXX,7,7007,Z,1,0.08,3000,0.6013333333333334,"{'1100': 116, '0011': 103, '0110': 9, '1111': 1050, '0000': 1097, '1011': 48, '1110': 146, '0111': 50, '0001': 134, '1001': 11, '0100': 51, '0010': 49, '0101': 8, '1000': 58, '1101': 62, '1010': 8}"
GHZ4_FOLDING_ZZZZ_vs_XXXX,7,7007,X,1,0.08,3000,0.3873333333333333,"{'1111': 261, '0110': 251, '1101': 101, '0100': 107, '0001': 98, '0000': 276, '1000': 122, '0011': 270, '1010': 247, '0101': 251, '1100': 250, '1011': 117, '0111': 114, '1001': 275, '1110': 126, '0010': 134}"
GHZ4_FOLDING_ZZZZ_vs_XXXX,7,7007,Z,3,0.08,3000,0.6013333333333334,"{'1100': 116, '0011': 103, '0110': 9, '1111': 1050, '0000': 1097, '1011': 48, '1110': 146, '0111': 50, '0001': 134, '1001': 11, '0100': 51, '0010': 49, '0101': 8, '1000': 58, '1101': 62, '1010': 8}"
GHZ4_FOLDING_ZZZZ_vs_XXXX,7,7007,X,3,0.08,3000,0.3873333333333333,"{'1111': 261, '0110': 251, '1101': 101, '0100': 107, '0001': 98, '0000': 276, '1000': 122, '0011': 270, '1010': 247, '0101': 251, '1100': 250, '1011': 117, '0111': 114, '1001': 275, '1110': 126, '0010': 134}"
GHZ4_FOLDING_ZZZZ_vs_XXXX,7,7007,Z,5,0.08,3000,0.6013333333333334,"{'1100': 116, '0011': 103, '0110': 9, '1111': 1050, '0000': 1097, '1011': 48, '1110': 146, '0111': 50, '0001': 134, '1001': 11, '0100': 51, '0010': 49, '0101': 8, '1000': 58, '1101': 62, '1010': 8}"
GHZ4_FOLDING_ZZZZ_vs_XXXX,7,7007,X,5,0.08,3000,0.3873333333333333,"{'1111': 261, '0110': 251, '1101': 101, '0100': 107, '0001': 98, '0000': 276, '1000': 122, '0011': 270, '1010': 247, '0101': 251, '1100': 250, '1011': 117, '0111': 114, '1001': 275, '1110': 126, '0010': 134}"
GHZ4_FOLDING_ZZZZ_vs_XXXX,8,7008,Z,1,0.08,3000,0.598,"{'0101': 9, '1110': 150, '0000': 1064, '0111': 46, '1111': 1100, '0011': 104, '1100': 94, '1101': 58, '0010': 68, '1011': 50, '0001': 137, '0100': 44, '0110': 8, '1000': 50, '1001': 7, '1010': 11}"
GHZ4_FOLDING_ZZZZ_vs_XXXX,8,7008,X,1,0.08,3000,0.38866666666666666,"{'1010': 277, '0001': 106, '1001': 249, '0000': 271, '0111': 102, '0011': 253, '1101': 125, '0101': 238, '1111': 235, '1100': 285, '1011': 116, '0100': 113, '0110': 275, '0010': 122, '1000': 112, '1110': 121}"
GHZ4_FOLDING_ZZZZ_vs_XXXX,8,7008,Z,3,0.08,3000,0.598,"{'0101': 9, '1110': 150, '0000': 1064, '0111': 46, '1111': 1100, '0011': 104, '1100': 94, '1101': 58, '0010': 68, '1011': 50, '0001': 137, '0100': 44, '0110': 8, '1000': 50, '1001': 7, '1010': 11}"
GHZ4_FOLDING_ZZZZ_vs_XXXX,8,7008,X,3,0.08,3000,0.38866666666666666,"{'1010': 277, '0001': 106, '1001': 249, '0000': 271, '0111': 102, '0011': 253, '1101': 125, '0101': 238, '1111': 235, '1100': 285, '1011': 116, '0100': 113, '0110': 275, '0010': 122, '1000': 112, '1110': 121}"
GHZ4_FOLDING_ZZZZ_vs_XXXX,8,7008,Z,5,0.08,3000,0.598,"{'0101': 9, '1110': 150, '0000': 1064, '0111': 46, '1111': 1100, '0011': 104, '1100': 94, '1101': 58, '0010': 68, '1011': 50, '0001': 137, '0100': 44, '0110': 8, '1000': 50, '1001': 7, '1010': 11}"
GHZ4_FOLDING_ZZZZ_vs_XXXX,8,7008,X,5,0.08,3000,0.38866666666666666,"{'1010': 277, '0001': 106, '1001': 249, '0000': 271, '0111': 102, '0011': 253, '1101': 125, '0101': 238, '1111': 235, '1100': 285, '1011': 116, '0100': 113, '0110': 275, '0010': 122, '1000': 112, '1110': 121}"
GHZ4_FOLDING_ZZZZ_vs_XXXX,9,7009,Z,1,0.08,3000,0.5906666666666667,"{'0001': 157, '0000': 1058, '1111': 1079, '0101': 9, '0011': 111, '1100': 99, '1101': 50, '0100': 47, '0111': 39, '1110': 152, '1000': 57, '0010': 53, '1011': 59, '1010': 13, '0110': 10, '1001': 7}"
GHZ4_FOLDING_ZZZZ_vs_XXXX,9,7009,X,1,0.08,3000,0.418,"{'1111': 284, '0110': 254, '0011': 299, '0001': 93, '1011': 104, '0111': 100, '0101': 266, '0000': 242, '0100': 110, '1010': 258, '1001': 257, '1100': 267, '1110': 118, '1000': 127, '1101': 101, '0010': 120}"
GHZ4_FOLDING_ZZZZ_vs_XXXX,9,7009,Z,3,0.08,3000,0.5906666666666667,"{'0001': 157, '0000': 1058, '1111': 1079, '0101': 9, '0011': 111, '1100': 99, '1101': 50, '0100': 47, '0111': 39, '1110': 152, '1000': 57, '0010': 53, '1011': 59, '1010': 13, '0110': 10, '1001': 7}"
GHZ4_FOLDING_ZZZZ_vs_XXXX,9,7009,X,3,0.08,3000,0.418,"{'1111': 284, '0110': 254, '0011': 299, '0001': 93, '1011': 104, '0111': 100, '0101': 266, '0000': 242, '0100': 110, '1010': 258, '1001': 257, '1100': 267, '1110': 118, '1000': 127, '1101': 101, '0010': 120}"
GHZ4_FOLDING_ZZZZ_vs_XXXX,9,7009,Z,5,0.08,3000,0.5906666666666667,"{'0001': 157, '0000': 1058, '1111': 1079, '0101': 9, '0011': 111, '1100': 99, '1101': 50, '0100': 47, '0111': 39, '1110': 152, '1000': 57, '0010': 53, '1011': 59, '1010': 13, '0110': 10, '1001': 7}"
GHZ4_FOLDING_ZZZZ_vs_XXXX,9,7009,X,5,0.08,3000,0.418,"{'1111': 284, '0110': 254, '0011': 299, '0001': 93, '1011': 104, '0111': 100, '0101': 266, '0000': 242, '0100': 110, '1010': 258, '1001': 257, '1100': 267, '1110': 118, '1000': 127, '1101': 101, '0010': 120}"
GHZ4_FOLDING_ZZZZ_vs_XXXX,10,7010,Z,1,0.08,3000,0.5973333333333334,"{'1000': 58, '0000': 1057, '1101': 70, '0100': 64, '0001': 116, '1111': 1105, '1100': 85, '1110': 149, '0011': 105, '1011': 47, '0111': 43, '0010': 57, '0101': 11, '1010': 6, '0110': 13, '1001': 14}"
GHZ4_FOLDING_ZZZZ_vs_XXXX,10,7010,X,1,0.08,3000,0.368,"{'0100': 120, '0101': 245, '0111': 129, '1111': 276, '0110': 245, '0001': 108, '1001': 256, '1010': 256, '0011': 256, '0000': 249, '1100': 269, '0010': 114, '1000': 120, '1101': 133, '1110': 112, '1011': 112}"
GHZ4_FOLDING_ZZZZ_vs_XXXX,10,7010,Z,3,0.08,3000,0.5973333333333334,"{'1000': 58, '0000': 1057, '1101': 70, '0100': 64, '0001': 116, '1111': 1105, '1100': 85, '1110': 149, '0011': 105, '1011': 47, '0111': 43, '0010': 57, '0101': 11, '1010': 6, '0110': 13, '1001': 14}"
GHZ4_FOLDING_ZZZZ_vs_XXXX,10,7010,X,3,0.08,3000,0.368,"{'0100': 120, '0101': 245, '0111': 129, '1111': 276, '0110': 245, '0001': 108, '1001': 256, '1010': 256, '0011': 256, '0000': 249, '1100': 269, '0010': 114, '1000': 120, '1101': 133, '1110': 112, '1011': 112}"
GHZ4_FOLDING_ZZZZ_vs_XXXX,10,7010,Z,5,0.08,3000,0.5973333333333334,"{'1000': 58, '0000': 1057, '1101': 70, '0100': 64, '0001': 116, '1111': 1105, '1100': 85, '1110': 149, '0011': 105, '1011': 47, '0111': 43, '0010': 57, '0101': 11, '1010': 6, '0110': 13, '1001': 14}"
GHZ4_FOLDING_ZZZZ_vs_XXXX,10,7010,X,5,0.08,3000,0.368,"{'0100': 120, '0101': 245, '0111': 129, '1111': 276, '0110': 245, '0001': 108, '1001': 256, '1010': 256, '0011': 256, '0000': 249, '1100': 269, '0010': 114, '1000': 120, '1101': 133, '1110': 112, '1011': 112}"
GHZ4_FOLDING_ZZZZ_vs_XXXX,11,7011,Z,1,0.08,3000,0.5833333333333334,"{'0011': 93, '1100': 91, '1000': 44, '0000': 1084, '1111': 1078, '0001': 145, '1110': 152, '1101': 72, '0100': 41, '0110': 6, '0101': 8, '1011': 56, '0010': 64, '0111': 51, '1001': 10, '1010': 5}"
GHZ4_FOLDING_ZZZZ_vs_XXXX,11,7011,X,1,0.08,3000,0.408,"{'1010': 276, '1001': 266, '0011': 269, '1111': 245, '1011': 122, '0000': 265, '1000': 105, '1101': 100, '0001': 117, '0100': 117, '1100': 276, '0101': 259, '1110': 118, '0110': 256, '0111': 99, '0010': 110}"
GHZ4_FOLDING_ZZZZ_vs_XXXX,11,7011,Z,3,0.08,3000,0.5833333333333334,"{'0011': 93, '1100': 91, '1000': 44, '0000': 1084, '1111': 1078, '0001': 145, '1110': 152, '1101': 72, '0100': 41, '0110': 6, '0101': 8, '1011': 56, '0010': 64, '0111': 51, '1001': 10, '1010': 5}"
GHZ4_FOLDING_ZZZZ_vs_XXXX,11,7011,X,3,0.08,3000,0.408,"{'1010': 276, '1001': 266, '0011': 269, '1111': 245, '1011': 122, '0000': 265, '1000': 105, '1101': 100, '0001': 117, '0100': 117, '1100': 276, '0101': 259, '1110': 118, '0110': 256, '0111': 99, '0010': 110}"
GHZ4_FOLDING_ZZZZ_vs_XXXX,11,7011,Z,5,0.08,3000,0.5833333333333334,"{'0011': 93, '1100': 91, '1000': 44, '0000': 1084, '1111': 1078, '0001': 145, '1110': 152, '1101': 72, '0100': 41, '0110': 6, '0101': 8, '1011': 56, '0010': 64, '0111': 51, '1001': 10, '1010': 5}"
GHZ4_FOLDING_ZZZZ_vs_XXXX,11,7011,X,5,0.08,3000,0.408,"{'1010': 276, '1001': 266, '0011': 269, '1111': 245, '1011': 122, '0000': 265, '1000': 105, '1101': 100, '0001': 117, '0100': 117, '1100': 276, '0101': 259, '1110': 118, '0110': 256, '0111': 99, '0010': 110}"
GHZ4_FOLDING_ZZZZ_vs_XXXX,12,7012,Z,1,0.08,3000,0.5866666666666667,"{'0001': 149, '1111': 1063, '1110': 160, '0000': 1085, '0011': 96, '1100': 87, '1101': 53, '0111': 44, '0010': 58, '0100': 57, '1011': 58, '1001': 12, '0110': 18, '1000': 41, '0101': 10, '1010': 9}"
GHZ4_FOLDING_ZZZZ_vs_XXXX,12,7012,X,1,0.08,3000,0.4093333333333333,"{'1111': 265, '0110': 255, '0100': 114, '1101': 104, '0001': 105, '1001': 258, '0011': 240, '1110': 119, '1011': 109, '1010': 264, '0101': 278, '0111': 121, '1100': 254, '0000': 300, '0010': 104, '1000': 110}"
GHZ4_FOLDING_ZZZZ_vs_XXXX,12,7012,Z,3,0.08,3000,0.5866666666666667,"{'0001': 149, '1111': 1063, '1110': 160, '0000': 1085, '0011': 96, '1100': 87, '1101': 53, '0111': 44, '0010': 58, '0100': 57, '1011': 58, '1001': 12, '0110': 18, '1000': 41, '0101': 10, '1010': 9}"
GHZ4_FOLDING_ZZZZ_vs_XXXX,12,7012,X,3,0.08,3000,0.4093333333333333,"{'1111': 265, '0110': 255, '0100': 114, '1101': 104, '0001': 105, '1001': 258, '0011': 240, '1110': 119, '1011': 109, '1010': 264, '0101': 278, '0111': 121, '1100': 254, '0000': 300, '0010': 104, '1000': 110}"
GHZ4_FOLDING_ZZZZ_vs_XXXX,12,7012,Z,5,0.08,3000,0.5866666666666667,"{'0001': 149, '1111': 1063, '1110': 160, '0000': 1085, '0011': 96, '1100': 87, '1101': 53, '0111': 44, '0010': 58, '0100': 57, '1011': 58, '1001': 12, '0110': 18, '1000': 41, '0101': 10, '1010': 9}"
GHZ4_FOLDING_ZZZZ_vs_XXXX,12,7012,X,5,0.08,3000,0.4093333333333333,"{'1111': 265, '0110': 255, '0100': 114, '1101': 104, '0001': 105, '1001': 258, '0011': 240, '1110': 119, '1011': 109, '1010': 264, '0101': 278, '0111': 121, '1100': 254, '0000': 300, '0010': 104, '1000': 110}"
GHZ4_FOLDING_ZZZZ_vs_XXXX,13,7013,Z,1,0.08,3000,0.6113333333333333,"{'0011': 102, '1100': 107, '0000': 1031, '0001': 127, '0100': 51, '1111': 1129, '0111': 45, '1011': 61, '1000': 52, '1110': 150, '0010': 60, '0101': 11, '1101': 37, '1010': 14, '0110': 11, '1001': 12}"
GHZ4_FOLDING_ZZZZ_vs_XXXX,13,7013,X,1,0.08,3000,0.3606666666666667,"{'1001': 251, '0000': 272, '0101': 232, '0111': 114, '0110': 260, '0100': 118, '1101': 120, '1100': 256, '1111': 275, '1010': 266, '1000': 134, '1110': 139, '0011': 229, '0010': 107, '0001': 106, '1011': 121}"
GHZ4_FOLDING_ZZZZ_vs_XXXX,13,7013,Z,3,0.08,3000,0.6113333333333333,"{'0011': 102, '1100': 107, '0000': 1031, '0001': 127, '0100': 51, '1111': 1129, '0111': 45, '1011': 61, '1000': 52, '1110': 150, '0010': 60, '0101': 11, '1101': 37, '1010': 14, '0110': 11, '1001': 12}"
GHZ4_FOLDING_ZZZZ_vs_XXXX,13,7013,X,3,0.08,3000,0.3606666666666667,"{'1001': 251, '0000': 272, '0101': 232, '0111': 114, '0110': 260, '0100': 118, '1101': 120, '1100': 256, '1111': 275, '1010': 266, '1000': 134, '1110': 139, '0011': 229, '0010': 107, '0001': 106, '1011': 121}"
GHZ4_FOLDING_ZZZZ_vs_XXXX,13,7013,Z,5,0.08,3000,0.6113333333333333,"{'0011': 102, '1100': 107, '0000': 1031, '0001': 127, '0100': 51, '1111': 1129, '0111': 45, '1011': 61, '1000': 52, '1110': 150, '0010': 60, '0101': 11, '1101': 37, '1010': 14, '0110': 11, '1001': 12}"
GHZ4_FOLDING_ZZZZ_vs_XXXX,13,7013,X,5,0.08,3000,0.3606666666666667,"{'1001': 251, '0000': 272, '0101': 232, '0111': 114, '0110': 260, '0100': 118, '1101': 120, '1100': 256, '1111': 275, '1010': 266, '1000': 134, '1110': 139, '0011': 229, '0010': 107, '0001': 106, '1011': 121}"
GHZ4_FOLDING_ZZZZ_vs_XXXX,14,7014,Z,1,0.08,3000,0.588,"{'1111': 1084, '1000': 57, '0000': 1068, '0100': 56, '1101': 67, '1001': 13, '1100': 111, '0011': 86, '0111': 47, '1011': 55, '0010': 60, '0101': 5, '0001': 130, '1110': 146, '0110': 9, '1010': 6}"
GHZ4_FOLDING_ZZZZ_vs_XXXX,14,7014,X,1,0.08,3000,0.3993333333333333,"{'1001': 282, '1010': 266, '1100': 273, '0011': 277, '0000': 255, '0101': 242, '1011': 107, '1101': 116, '1000': 121, '0100': 125, '0110': 238, '0111': 112, '1111': 266, '1110': 108, '0010': 103, '0001': 109}"
GHZ4_FOLDING_ZZZZ_vs_XXXX,14,7014,Z,3,0.08,3000,0.588,"{'1111': 1084, '1000': 57, '0000': 1068, '0100': 56, '1101': 67, '1001': 13, '1100': 111, '0011': 86, '0111': 47, '1011': 55, '0010': 60, '0101': 5, '0001': 130, '1110': 146, '0110': 9, '1010': 6}"
GHZ4_FOLDING_ZZZZ_vs_XXXX,14,7014,X,3,0.08,3000,0.3993333333333333,"{'1001': 282, '1010': 266, '1100': 273, '0011': 277, '0000': 255, '0101': 242, '1011': 107, '1101': 116, '1000': 121, '0100': 125, '0110': 238, '0111': 112, '1111': 266, '1110': 108, '0010': 103, '0001': 109}"
GHZ4_FOLDING_ZZZZ_vs_XXXX,14,7014,Z,5,0.08,3000,0.588,"{'1111': 1084, '1000': 57, '0000': 1068, '0100': 56, '1101': 67, '1001': 13, '1100': 111, '0011': 86, '0111': 47, '1011': 55, '0010': 60, '0101': 5, '0001': 130, '1110': 146, '0110': 9, '1010': 6}"
GHZ4_FOLDING_ZZZZ_vs_XXXX,14,7014,X,5,0.08,3000,0.3993333333333333,"{'1001': 282, '1010': 266, '1100': 273, '0011': 277, '0000': 255, '0101': 242, '1011': 107, '1101': 116, '1000': 121, '0100': 125, '0110': 238, '0111': 112, '1111': 266, '1110': 108, '0010': 103, '0001': 109}"
GHZ4_FOLDING_ZZZZ_vs_XXXX,15,7015,Z,1,0.08,3000,0.5773333333333334,"{'1000': 44, '0000': 1070, '1101': 58, '0011': 98, '1111': 1049, '1110': 165, '0001': 144, '0010': 72, '1100': 118, '1011': 45, '0111': 60, '0100': 46, '1001': 10, '1010': 12, '0101': 2, '0110': 7}"
GHZ4_FOLDING_ZZZZ_vs_XXXX,15,7015,X,1,0.08,3000,0.404,"{'1100': 237, '0011': 308, '1010': 272, '1001': 293, '1111': 237, '0110': 275, '0010': 94, '1101': 122, '0100': 122, '0101': 227, '1000': 107, '1011': 124, '0000': 257, '1110': 109, '0001': 106, '0111': 110}"
GHZ4_FOLDING_ZZZZ_vs_XXXX,15,7015,Z,3,0.08,3000,0.5773333333333334,"{'1000': 44, '0000': 1070, '1101': 58, '0011': 98, '1111': 1049, '1110': 165, '0001': 144, '0010': 72, '1100': 118, '1011': 45, '0111': 60, '0100': 46, '1001': 10, '1010': 12, '0101': 2, '0110': 7}"
GHZ4_FOLDING_ZZZZ_vs_XXXX,15,7015,X,3,0.08,3000,0.404,"{'1100': 237, '0011': 308, '1010': 272, '1001': 293, '1111': 237, '0110': 275, '0010': 94, '1101': 122, '0100': 122, '0101': 227, '1000': 107, '1011': 124, '0000': 257, '1110': 109, '0001': 106, '0111': 110}"
GHZ4_FOLDING_ZZZZ_vs_XXXX,15,7015,Z,5,0.08,3000,0.5773333333333334,"{'1000': 44, '0000': 1070, '1101': 58, '0011': 98, '1111': 1049, '1110': 165, '0001': 144, '0010': 72, '1100': 118, '1011': 45, '0111': 60, '0100': 46, '1001': 10, '1010': 12, '0101': 2, '0110': 7}"
GHZ4_FOLDING_ZZZZ_vs_XXXX,15,7015,X,5,0.08,3000,0.404,"{'1100': 237, '0011': 308, '1010': 272, '1001': 293, '1111': 237, '0110': 275, '0010': 94, '1101': 122, '0100': 122, '0101': 227, '1000': 107, '1011': 124, '0000': 257, '1110': 109, '0001': 106, '0111': 110}"
GHZ4_FOLDING_ZZZZ_vs_XXXX,16,7016,Z,1,0.08,3000,0.5993333333333334,"{'1100': 110, '0011': 82, '1111': 1076, '1000': 48, '0000': 1093, '0001': 136, '0100': 51, '1110': 147, '1011': 50, '1101': 57, '0111': 51, '1001': 9, '0010': 61, '0110': 8, '1010': 10, '0101': 11}"
GHZ4_FOLDING_ZZZZ_vs_XXXX,16,7016,X,1,0.08,3000,0.364,"{'1111': 272, '0110': 242, '1000': 114, '0000': 287, '1001': 267, '0001': 116, '1110': 109, '0011': 257, '1100': 248, '0101': 230, '0010': 111, '1101': 122, '0111': 117, '1011': 132, '0100': 133, '1010': 243}"
GHZ4_FOLDING_ZZZZ_vs_XXXX,16,7016,Z,3,0.08,3000,0.5993333333333334,"{'1100': 110, '0011': 82, '1111': 1076, '1000': 48, '0000': 1093, '0001': 136, '0100': 51, '1110': 147, '1011': 50, '1101': 57, '0111': 51, '1001': 9, '0010': 61, '0110': 8, '1010': 10, '0101': 11}"
GHZ4_FOLDING_ZZZZ_vs_XXXX,16,7016,X,3,0.08,3000,0.364,"{'1111': 272, '0110': 242, '1000': 114, '0000': 287, '1001': 267, '0001': 116, '1110': 109, '0011': 257, '1100': 248, '0101': 230, '0010': 111, '1101': 122, '0111': 117, '1011': 132, '0100': 133, '1010': 243}"
GHZ4_FOLDING_ZZZZ_vs_XXXX,16,7016,Z,5,0.08,3000,0.5993333333333334,"{'1100': 110, '0011': 82, '1111': 1076, '1000': 48, '0000': 1093, '0001': 136, '0100': 51, '1110': 147, '1011': 50, '1101': 57, '0111': 51, '1001': 9, '0010': 61, '0110': 8, '1010': 10, '0101': 11}"
GHZ4_FOLDING_ZZZZ_vs_XXXX,16,7016,X,5,0.08,3000,0.364,"{'1111': 272, '0110': 242, '1000': 114, '0000': 287, '1001': 267, '0001': 116, '1110': 109, '0011': 257, '1100': 248, '0101': 230, '0010': 111, '1101': 122, '0111': 117, '1011': 132, '0100': 133, '1010': 243}"
GHZ4_FOLDING_ZZZZ_vs_XXXX,17,7017,Z,1,0.08,3000,0.6126666666666667,"{'0111': 51, '1011': 51, '0010': 62, '1111': 1071, '0000': 1100, '1000': 36, '0011': 103, '0001': 139, '1100': 116, '1101': 69, '0100': 54, '0101': 9, '1110': 119, '1001': 7, '0110': 10, '1010': 3}"
GHZ4_FOLDING_ZZZZ_vs_XXXX,17,7017,X,1,0.08,3000,0.37,"{'0111': 118, '0110': 261, '1011': 109, '0001': 123, '1010': 245, '1000': 94, '1100': 234, '1110': 135, '0100': 127, '0101': 232, '1111': 273, '0000': 287, '1101': 120, '1001': 262, '0011': 261, '0010': 119}"
GHZ4_FOLDING_ZZZZ_vs_XXXX,17,7017,Z,3,0.08,3000,0.6126666666666667,"{'0111': 51, '1011': 51, '0010': 62, '1111': 1071, '0000': 1100, '1000': 36, '0011': 103, '0001': 139, '1100': 116, '1101': 69, '0100': 54, '0101': 9, '1110': 119, '1001': 7, '0110': 10, '1010': 3}"
GHZ4_FOLDING_ZZZZ_vs_XXXX,17,7017,X,3,0.08,3000,0.37,"{'0111': 118, '0110': 261, '1011': 109, '0001': 123, '1010': 245, '1000': 94, '1100': 234, '1110': 135, '0100': 127, '0101': 232, '1111': 273, '0000': 287, '1101': 120, '1001': 262, '0011': 261, '0010': 119}"
GHZ4_FOLDING_ZZZZ_vs_XXXX,17,7017,Z,5,0.08,3000,0.6126666666666667,"{'0111': 51, '1011': 51, '0010': 62, '1111': 1071, '0000': 1100, '1000': 36, '0011': 103, '0001': 139, '1100': 116, '1101': 69, '0100': 54, '0101': 9, '1110': 119, '1001': 7, '0110': 10, '1010': 3}"
GHZ4_FOLDING_ZZZZ_vs_XXXX,17,7017,X,5,0.08,3000,0.37,"{'0111': 118, '0110': 261, '1011': 109, '0001': 123, '1010': 245, '1000': 94, '1100': 234, '1110': 135, '0100': 127, '0101': 232, '1111': 273, '0000': 287, '1101': 120, '1001': 262, '0011': 261, '0010': 119}"
GHZ4_FOLDING_ZZZZ_vs_XXXX,18,7018,Z,1,0.08,3000,0.5846666666666667,"{'0001': 162, '1111': 1087, '1000': 53, '0000': 1029, '1101': 35, '0100': 48, '0010': 86, '0011': 110, '1001': 16, '1110': 135, '0111': 54, '1100': 101, '1011': 50, '0110': 9, '0101': 13, '1010': 12}"
GHZ4_FOLDING_ZZZZ_vs_XXXX,18,7018,X,1,0.08,3000,0.394,"{'1110': 98, '0101': 266, '1000': 125, '0000': 240, '1010': 261, '0111': 121, '0011': 258, '0110': 298, '0010': 122, '1001': 225, '1100': 273, '1011': 110, '1111': 270, '1101': 127, '0100': 106, '0001': 100}"
GHZ4_FOLDING_ZZZZ_vs_XXXX,18,7018,Z,3,0.08,3000,0.5846666666666667,"{'0001': 162, '1111': 1087, '1000': 53, '0000': 1029, '1101': 35, '0100': 48, '0010': 86, '0011': 110, '1001': 16, '1110': 135, '0111': 54, '1100': 101, '1011': 50, '0110': 9, '0101': 13, '1010': 12}"
GHZ4_FOLDING_ZZZZ_vs_XXXX,18,7018,X,3,0.08,3000,0.394,"{'1110': 98, '0101': 266, '1000': 125, '0000': 240, '1010': 261, '0111': 121, '0011': 258, '0110': 298, '0010': 122, '1001': 225, '1100': 273, '1011': 110, '1111': 270, '1101': 127, '0100': 106, '0001': 100}"
GHZ4_FOLDING_ZZZZ_vs_XXXX,18,7018,Z,5,0.08,3000,0.5846666666666667,"{'0001': 162, '1111': 1087, '1000': 53, '0000': 1029, '1101': 35, '0100': 48, '0010': 86, '0011': 110, '1001': 16, '1110': 135, '0111': 54, '1100': 101, '1011': 50, '0110': 9, '0101': 13, '1010': 12}"
GHZ4_FOLDING_ZZZZ_vs_XXXX,18,7018,X,5,0.08,3000,0.394,"{'1110': 98, '0101': 266, '1000': 125, '0000': 240, '1010': 261, '0111': 121, '0011': 258, '0110': 298, '0010': 122, '1001': 225, '1100': 273, '1011': 110, '1111': 270, '1101': 127, '0100': 106, '0001': 100}"
GHZ4_FOLDING_ZZZZ_vs_XXXX,19,7019,Z,1,0.08,3000,0.5973333333333334,"{'1111': 1111, '0011': 115, '1100': 121, '0000': 1021, '0100': 38, '1011': 50, '0001': 158, '0111': 44, '0010': 59, '1110': 150, '0110': 7, '1000': 42, '0101': 7, '1001': 4, '1101': 63, '1010': 10}"
GHZ4_FOLDING_ZZZZ_vs_XXXX,19,7019,X,1,0.08,3000,0.43733333333333335,"{'0101': 251, '1110': 114, '1001': 295, '0010': 108, '0011': 247, '0111': 91, '1101': 112, '1000': 97, '1010': 275, '0110': 275, '1111': 280, '0100': 97, '1100': 277, '1011': 101, '0001': 124, '0000': 256}"
GHZ4_FOLDING_ZZZZ_vs_XXXX,19,7019,Z,3,0.08,3000,0.5973333333333334,"{'1111': 1111, '0011': 115, '1100': 121, '0000': 1021, '0100': 38, '1011': 50, '0001': 158, '0111': 44, '0010': 59, '1110': 150, '0110': 7, '1000': 42, '0101': 7, '1001': 4, '1101': 63, '1010': 10}"
GHZ4_FOLDING_ZZZZ_vs_XXXX,19,7019,X,3,0.08,3000,0.43733333333333335,"{'0101': 251, '1110': 114, '1001': 295, '0010': 108, '0011': 247, '0111': 91, '1101': 112, '1000': 97, '1010': 275, '0110': 275, '1111': 280, '0100': 97, '1100': 277, '1011': 101, '0001': 124, '0000': 256}"
GHZ4_FOLDING_ZZZZ_vs_XXXX,19,7019,Z,5,0.08,3000,0.5973333333333334,"{'1111': 1111, '0011': 115, '1100': 121, '0000': 1021, '0100': 38, '1011': 50, '0001': 158, '0111': 44, '0010': 59, '1110': 150, '0110': 7, '1000': 42, '0101': 7, '1001': 4, '1101': 63, '1010': 10}"
GHZ4_FOLDING_ZZZZ_vs_XXXX,19,7019,X,5,0.08,3000,0.43733333333333335,"{'0101': 251, '1110': 114, '1001': 295, '0010': 108, '0011': 247, '0111': 91, '1101': 112, '1000': 97, '1010': 275, '0110': 275, '1111': 280, '0100': 97, '1100': 277, '1011': 101, '0001': 124, '0000': 256}"
GHZ4_FOLDING_ZZZZ_vs_XXXX,20,7020,Z,1,0.08,3000,0.612,"{'1111': 1079, '0001': 127, '0000': 1115, '1101': 53, '0100': 58, '0111': 55, '1100': 86, '1110': 128, '0011': 105, '0101': 11, '1011': 53, '0010': 57, '0110': 9, '1001': 6, '1000': 51, '1010': 7}"
GHZ4_FOLDING_ZZZZ_vs_XXXX,20,7020,X,1,0.08,3000,0.36933333333333335,"{'1010': 274, '1111': 224, '0110': 257, '0101': 243, '0000': 291, '0011': 278, '0111': 124, '0010': 113, '1100': 259, '1101': 112, '1001': 228, '1110': 131, '1011': 126, '1000': 109, '0001': 118, '0100': 113}"
GHZ4_FOLDING_ZZZZ_vs_XXXX,20,7020,Z,3,0.08,3000,0.612,"{'1111': 1079, '0001': 127, '0000': 1115, '1101': 53, '0100': 58, '0111': 55, '1100': 86, '1110': 128, '0011': 105, '0101': 11, '1011': 53, '0010': 57, '0110': 9, '1001': 6, '1000': 51, '1010': 7}"
GHZ4_FOLDING_ZZZZ_vs_XXXX,20,7020,X,3,0.08,3000,0.36933333333333335,"{'1010': 274, '1111': 224, '0110': 257, '0101': 243, '0000': 291, '0011': 278, '0111': 124, '0010': 113, '1100': 259, '1101': 112, '1001': 228, '1110': 131, '1011': 126, '1000': 109, '0001': 118, '0100': 113}"
GHZ4_FOLDING_ZZZZ_vs_XXXX,20,7020,Z,5,0.08,3000,0.612,"{'1111': 1079, '0001': 127, '0000': 1115, '1101': 53, '0100': 58, '0111': 55, '1100': 86, '1110': 128, '0011': 105, '0101': 11, '1011': 53, '0010': 57, '0110': 9, '1001': 6, '1000': 51, '1010': 7}"
GHZ4_FOLDING_ZZZZ_vs_XXXX,20,7020,X,5,0.08,3000,0.36933333333333335,"{'1010': 274, '1111': 224, '0110': 257, '0101': 243, '0000': 291, '0011': 278, '0111': 124, '0010': 113, '1100': 259, '1101': 112, '1001': 228, '1110': 131, '1011': 126, '1000': 109, '0001': 118, '0100': 113}"
GHZ4_FOLDING_ZZZZ_vs_XXXX,21,7021,Z,1,0.08,3000,0.5966666666666667,"{'1111': 1055, '1100': 117, '0001': 155, '0010': 68, '1011': 55, '1000': 47, '0000': 1087, '1101': 57, '0111': 48, '0011': 107, '1110': 138, '0110': 10, '0100': 37, '1010': 10, '1001': 7, '0101': 2}"
GHZ4_FOLDING_ZZZZ_vs_XXXX,21,7021,X,1,0.08,3000,0.38666666666666666,"{'1100': 252, '1010': 264, '1001': 271, '1011': 119, '0110': 277, '0000': 263, '1000': 112, '0101': 264, '1101': 119, '0011': 262, '1111': 227, '1110': 122, '0111': 92, '0010': 119, '0100': 121, '0001': 116}"
GHZ4_FOLDING_ZZZZ_vs_XXXX,21,7021,Z,3,0.08,3000,0.5966666666666667,"{'1111': 1055, '1100': 117, '0001': 155, '0010': 68, '1011': 55, '1000': 47, '0000': 1087, '1101': 57, '0111': 48, '0011': 107, '1110': 138, '0110': 10, '0100': 37, '1010': 10, '1001': 7, '0101': 2}"
GHZ4_FOLDING_ZZZZ_vs_XXXX,21,7021,X,3,0.08,3000,0.38666666666666666,"{'1100': 252, '1010': 264, '1001': 271, '1011': 119, '0110': 277, '0000': 263, '1000': 112, '0101': 264, '1101': 119, '0011': 262, '1111': 227, '1110': 122, '0111': 92, '0010': 119, '0100': 121, '0001': 116}"
GHZ4_FOLDING_ZZZZ_vs_XXXX,21,7021,Z,5,0.08,3000,0.5966666666666667,"{'1111': 1055, '1100': 117, '0001': 155, '0010': 68, '1011': 55, '1000': 47, '0000': 1087, '1101': 57, '0111': 48, '0011': 107, '1110': 138, '0110': 10, '0100': 37, '1010': 10, '1001': 7, '0101': 2}"
GHZ4_FOLDING_ZZZZ_vs_XXXX,21,7021,X,5,0.08,3000,0.38666666666666666,"{'1100': 252, '1010': 264, '1001': 271, '1011': 119, '0110': 277, '0000': 263, '1000': 112, '0101': 264, '1101': 119, '0011': 262, '1111': 227, '1110': 122, '0111': 92, '0010': 119, '0100': 121, '0001': 116}"
GHZ4_FOLDING_ZZZZ_vs_XXXX,22,7022,Z,1,0.08,3000,0.572,"{'1111': 1024, '1110': 166, '1000': 47, '0000': 1090, '1101': 67, '0100': 54, '0001': 164, '0010': 50, '1011': 52, '1100': 114, '0011': 92, '0111': 42, '1001': 7, '0101': 8, '0110': 13, '1010': 10}"
GHZ4_FOLDING_ZZZZ_vs_XXXX,22,7022,X,1,0.08,3000,0.4053333333333333,"{'0011': 257, '1100': 269, '1010': 232, '1001': 308, '1110': 113, '0101': 265, '0111': 109, '0110': 268, '0000': 256, '1101': 107, '1111': 253, '1000': 107, '0100': 130, '0010': 112, '1011': 98, '0001': 116}"
GHZ4_FOLDING_ZZZZ_vs_XXXX,22,7022,Z,3,0.08,3000,0.572,"{'1111': 1024, '1110': 166, '1000': 47, '0000': 1090, '1101': 67, '0100': 54, '0001': 164, '0010': 50, '1011': 52, '1100': 114, '0011': 92, '0111': 42, '1001': 7, '0101': 8, '0110': 13, '1010': 10}"
GHZ4_FOLDING_ZZZZ_vs_XXXX,22,7022,X,3,0.08,3000,0.4053333333333333,"{'0011': 257, '1100': 269, '1010': 232, '1001': 308, '1110': 113, '0101': 265, '0111': 109, '0110': 268, '0000': 256, '1101': 107, '1111': 253, '1000': 107, '0100': 130, '0010': 112, '1011': 98, '0001': 116}"
GHZ4_FOLDING_ZZZZ_vs_XXXX,22,7022,Z,5,0.08,3000,0.572,"{'1111': 1024, '1110': 166, '1000': 47, '0000': 1090, '1101': 67, '0100': 54, '0001': 164, '0010': 50, '1011': 52, '1100': 114, '0011': 92, '0111': 42, '1001': 7, '0101': 8, '0110': 13, '1010': 10}"
GHZ4_FOLDING_ZZZZ_vs_XXXX,22,7022,X,5,0.08,3000,0.4053333333333333,"{'0011': 257, '1100': 269, '1010': 232, '1001': 308, '1110': 113, '0101': 265, '0111': 109, '0110': 268, '0000': 256, '1101': 107, '1111': 253, '1000': 107, '0100': 130, '0010': 112, '1011': 98, '0001': 116}"
GHZ4_FOLDING_ZZZZ_vs_XXXX,23,7023,Z,1,0.08,3000,0.5913333333333334,"{'1111': 1073, '1011': 54, '0010': 62, '1000': 53, '0000': 1072, '0011': 110, '1001': 11, '0001': 141, '0100': 50, '1110': 154, '1100': 99, '0111': 40, '0110': 5, '1010': 10, '1101': 59, '0101': 7}"
GHZ4_FOLDING_ZZZZ_vs_XXXX,23,7023,X,1,0.08,3000,0.39466666666666667,"{'0011': 237, '1100': 262, '1111': 250, '0110': 269, '1000': 126, '0000': 257, '0100': 122, '1011': 96, '1110': 124, '0001': 113, '0101': 273, '0010': 120, '1101': 111, '0111': 96, '1010': 278, '1001': 266}"
GHZ4_FOLDING_ZZZZ_vs_XXXX,23,7023,Z,3,0.08,3000,0.5913333333333334,"{'1111': 1073, '1011': 54, '0010': 62, '1000': 53, '0000': 1072, '0011': 110, '1001': 11, '0001': 141, '0100': 50, '1110': 154, '1100': 99, '0111': 40, '0110': 5, '1010': 10, '1101': 59, '0101': 7}"
GHZ4_FOLDING_ZZZZ_vs_XXXX,23,7023,X,3,0.08,3000,0.39466666666666667,"{'0011': 237, '1100': 262, '1111': 250, '0110': 269, '1000': 126, '0000': 257, '0100': 122, '1011': 96, '1110': 124, '0001': 113, '0101': 273, '0010': 120, '1101': 111, '0111': 96, '1010': 278, '1001': 266}"
GHZ4_FOLDING_ZZZZ_vs_XXXX,23,7023,Z,5,0.08,3000,0.5913333333333334,"{'1111': 1073, '1011': 54, '0010': 62, '1000': 53, '0000': 1072, '0011': 110, '1001': 11, '0001': 141, '0100': 50, '1110': 154, '1100': 99, '0111': 40, '0110': 5, '1010': 10, '1101': 59, '0101': 7}"
GHZ4_FOLDING_ZZZZ_vs_XXXX,23,7023,X,5,0.08,3000,0.39466666666666667,"{'0011': 237, '1100': 262, '1111': 250, '0110': 269, '1000': 126, '0000': 257, '0100': 122, '1011': 96, '1110': 124, '0001': 113, '0101': 273, '0010': 120, '1101': 111, '0111': 96, '1010': 278, '1001': 266}"
GHZ4_FOLDING_ZZZZ_vs_XXXX,24,7024,Z,1,0.08,3000,0.5826666666666667,"{'1111': 1038, '0000': 1092, '0100': 49, '1101': 65, '0111': 51, '1011': 53, '0010': 58, '1100': 110, '0001': 149, '0011': 92, '1000': 62, '1110': 139, '0110': 13, '1001': 10, '1010': 10, '0101': 9}"
GHZ4_FOLDING_ZZZZ_vs_XXXX,24,7024,X,1,0.08,3000,0.376,"{'0110': 259, '1111': 262, '1010': 237, '1001': 275, '0001': 130, '0111': 113, '0100': 92, '0101': 283, '0000': 251, '0011': 262, '0010': 123, '1000': 130, '1101': 120, '1011': 109, '1100': 235, '1110': 119}"
GHZ4_FOLDING_ZZZZ_vs_XXXX,24,7024,Z,3,0.08,3000,0.5826666666666667,"{'1111': 1038, '0000': 1092, '0100': 49, '1101': 65, '0111': 51, '1011': 53, '0010': 58, '1100': 110, '0001': 149, '0011': 92, '1000': 62, '1110': 139, '0110': 13, '1001': 10, '1010': 10, '0101': 9}"
GHZ4_FOLDING_ZZZZ_vs_XXXX,24,7024,X,3,0.08,3000,0.376,"{'0110': 259, '1111': 262, '1010': 237, '1001': 275, '0001': 130, '0111': 113, '0100': 92, '0101': 283, '0000': 251, '0011': 262, '0010': 123, '1000': 130, '1101': 120, '1011': 109, '1100': 235, '1110': 119}"
GHZ4_FOLDING_ZZZZ_vs_XXXX,24,7024,Z,5,0.08,3000,0.5826666666666667,"{'1111': 1038, '0000': 1092, '0100': 49, '1101': 65, '0111': 51, '1011': 53, '0010': 58, '1100': 110, '0001': 149, '0011': 92, '1000': 62, '1110': 139, '0110': 13, '1001': 10, '1010': 10, '0101': 9}"
GHZ4_FOLDING_ZZZZ_vs_XXXX,24,7024,X,5,0.08,3000,0.376,"{'0110': 259, '1111': 262, '1010': 237, '1001': 275, '0001': 130, '0111': 113, '0100': 92, '0101': 283, '0000': 251, '0011': 262, '0010': 123, '1000': 130, '1101': 120, '1011': 109, '1100': 235, '1110': 119}"
