experiment_id,bootstrap_run,seed,noise_level,target,prob_target,counts
ENTANGLED_DEPTH3_P11,0,2000,0.05,11,0.2535,"{'01': 1327, '00': 802, '10': 857, '11': 1014}"
ENTANGLED_DEPTH3_P11,0,2000,0.1,11,0.25675,"{'01': 1199, '00': 887, '10': 887, '11': 1027}"
ENTANGLED_DEPTH3_P11,0,2000,0.2,11,0.2585,"{'01': 1042, '00': 993, '10': 931, '11': 1034}"
ENTANGLED_DEPTH3_P11,0,2000,0.3,11,0.259,"{'01': 999, '00': 1020, '10': 945, '11': 1036}"
ENTANGLED_DEPTH3_P11,1,2001,0.05,11,0.247,"{'10': 860, '11': 988, '00': 784, '01': 1368}"
ENTANGLED_DEPTH3_P11,1,2001,0.1,11,0.25075,"{'10': 877, '11': 1003, '00': 869, '01': 1251}"
ENTANGLED_DEPTH3_P11,1,2001,0.2,11,0.253,"{'10': 921, '11': 1012, '00': 979, '01': 1088}"
ENTANGLED_DEPTH3_P11,1,2001,0.3,11,0.253,"{'10': 939, '11': 1012, '00': 1014, '01': 1035}"
ENTANGLED_DEPTH3_P11,2,2002,0.05,11,0.24325,"{'01': 1361, '11': 973, '00': 767, '10': 899}"
ENTANGLED_DEPTH3_P11,2,2002,0.1,11,0.2475,"{'01': 1235, '11': 990, '00': 849, '10': 926}"
ENTANGLED_DEPTH3_P11,2,2002,0.2,11,0.24925,"{'01': 1065, '11': 997, '00': 965, '10': 973}"
ENTANGLED_DEPTH3_P11,2,2002,0.3,11,0.24925,"{'01': 1018, '11': 997, '00': 989, '10': 996}"
ENTANGLED_DEPTH3_P11,3,2003,0.05,11,0.25075,"{'01': 1320, '00': 787, '10': 890, '11': 1003}"
ENTANGLED_DEPTH3_P11,3,2003,0.1,11,0.25375,"{'01': 1202, '00': 864, '10': 919, '11': 1015}"
ENTANGLED_DEPTH3_P11,3,2003,0.2,11,0.2555,"{'00': 949, '10': 956, '11': 1022, '01': 1073}"
ENTANGLED_DEPTH3_P11,3,2003,0.3,11,0.256,"{'00': 981, '10': 976, '11': 1024, '01': 1019}"
ENTANGLED_DEPTH3_P11,4,2004,0.05,11,0.25475,"{'11': 1019, '01': 1338, '00': 788, '10': 855}"
ENTANGLED_DEPTH3_P11,4,2004,0.1,11,0.25725,"{'11': 1029, '01': 1231, '00': 854, '10': 886}"
ENTANGLED_DEPTH3_P11,4,2004,0.2,11,0.25925,"{'11': 1037, '01': 1091, '00': 940, '10': 932}"
ENTANGLED_DEPTH3_P11,4,2004,0.3,11,0.25925,"{'11': 1037, '01': 1041, '00': 974, '10': 948}"
ENTANGLED_DEPTH3_P11,5,2005,0.05,11,0.2455,"{'00': 798, '01': 1338, '10': 882, '11': 982}"
ENTANGLED_DEPTH3_P11,5,2005,0.1,11,0.248,"{'00': 869, '01': 1230, '10': 909, '11': 992}"
ENTANGLED_DEPTH3_P11,5,2005,0.2,11,0.2495,"{'00': 957, '01': 1099, '10': 946, '11': 998}"
ENTANGLED_DEPTH3_P11,5,2005,0.3,11,0.2495,"{'00': 981, '01': 1044, '10': 977, '11': 998}"
ENTANGLED_DEPTH3_P11,6,2006,0.05,11,0.233,"{'11': 932, '00': 785, '01': 1373, '10': 910}"
ENTANGLED_DEPTH3_P11,6,2006,0.1,11,0.2355,"{'11': 942, '00': 881, '10': 947, '01': 1230}"
ENTANGLED_DEPTH3_P11,6,2006,0.2,11,0.237,"{'11': 948, '00': 970, '10': 1000, '01': 1082}"
ENTANGLED_DEPTH3_P11,6,2006,0.3,11,0.237,"{'11': 948, '00': 1006, '10': 1023, '01': 1023}"
ENTANGLED_DEPTH3_P11,7,2007,0.05,11,0.2535,"{'11': 1014, '10': 858, '01': 1316, '00': 812}"
ENTANGLED_DEPTH3_P11,7,2007,0.1,11,0.2565,"{'11': 1026, '10': 893, '01': 1198, '00': 883}"
ENTANGLED_DEPTH3_P11,7,2007,0.2,11,0.25975,"{'11': 1039, '10': 915, '01': 1060, '00': 986}"
ENTANGLED_DEPTH3_P11,7,2007,0.3,11,0.26,"{'11': 1040, '10': 931, '01': 998, '00': 1031}"
ENTANGLED_DEPTH3_P11,8,2008,0.05,11,0.24525,"{'10': 892, '01': 1332, '00': 795, '11': 981}"
ENTANGLED_DEPTH3_P11,8,2008,0.1,11,0.24875,"{'10': 912, '01': 1213, '00': 880, '11': 995}"
ENTANGLED_DEPTH3_P11,8,2008,0.2,11,0.25075,"{'10': 945, '01': 1068, '00': 984, '11': 1003}"
ENTANGLED_DEPTH3_P11,8,2008,0.3,11,0.251,"{'10': 966, '01': 1013, '00': 1017, '11': 1004}"
ENTANGLED_DEPTH3_P11,9,2009,0.05,11,0.24175,"{'01': 1299, '00': 836, '11': 967, '10': 898}"
ENTANGLED_DEPTH3_P11,9,2009,0.1,11,0.2435,"{'01': 1185, '00': 911, '11': 974, '10': 930}"
ENTANGLED_DEPTH3_P11,9,2009,0.2,11,0.246,"{'01': 1036, '00': 1006, '11': 984, '10': 974}"
ENTANGLED_DEPTH3_P11,9,2009,0.3,11,0.24675,"{'01': 977, '00': 1043, '11': 987, '10': 993}"
ENTANGLED_DEPTH3_P11,10,2010,0.05,11,0.2425,"{'01': 1337, '10': 900, '00': 793, '11': 970}"
ENTANGLED_DEPTH3_P11,10,2010,0.1,11,0.24525,"{'01': 1209, '10': 940, '00': 870, '11': 981}"
ENTANGLED_DEPTH3_P11,10,2010,0.2,11,0.24775,"{'01': 1071, '10': 992, '00': 946, '11': 991}"
ENTANGLED_DEPTH3_P11,10,2010,0.3,11,0.24825,"{'01': 1018, '10': 1017, '00': 972, '11': 993}"
ENTANGLED_DEPTH3_P11,11,2011,0.05,11,0.2435,"{'11': 974, '01': 1357, '10': 884, '00': 785}"
ENTANGLED_DEPTH3_P11,11,2011,0.1,11,0.24775,"{'11': 991, '01': 1236, '10': 909, '00': 864}"
ENTANGLED_DEPTH3_P11,11,2011,0.2,11,0.2495,"{'11': 998, '01': 1094, '10': 954, '00': 954}"
ENTANGLED_DEPTH3_P11,11,2011,0.3,11,0.25,"{'11': 1000, '01': 1049, '10': 965, '00': 986}"
ENTANGLED_DEPTH3_P11,12,2012,0.05,11,0.2475,"{'11': 990, '01': 1351, '10': 873, '00': 786}"
ENTANGLED_DEPTH3_P11,12,2012,0.1,11,0.2505,"{'11': 1002, '01': 1227, '10': 905, '00': 866}"
ENTANGLED_DEPTH3_P11,12,2012,0.2,11,0.2545,"{'11': 1018, '01': 1098, '10': 937, '00': 947}"
ENTANGLED_DEPTH3_P11,12,2012,0.3,11,0.2545,"{'11': 1018, '01': 1055, '10': 954, '00': 973}"
ENTANGLED_DEPTH3_P11,13,2013,0.05,11,0.2375,"{'11': 950, '01': 1357, '10': 920, '00': 773}"
ENTANGLED_DEPTH3_P11,13,2013,0.1,11,0.23975,"{'11': 959, '01': 1207, '10': 963, '00': 871}"
ENTANGLED_DEPTH3_P11,13,2013,0.2,11,0.2415,"{'11': 966, '01': 1081, '10': 999, '00': 954}"
ENTANGLED_DEPTH3_P11,13,2013,0.3,11,0.242,"{'11': 968, '01': 1032, '10': 1014, '00': 986}"
ENTANGLED_DEPTH3_P11,14,2014,0.05,11,0.242,"{'11': 968, '00': 804, '01': 1345, '10': 883}"
ENTANGLED_DEPTH3_P11,14,2014,0.1,11,0.2465,"{'11': 986, '00': 873, '01': 1234, '10': 907}"
ENTANGLED_DEPTH3_P11,14,2014,0.2,11,0.2485,"{'11': 994, '00': 967, '01': 1078, '10': 961}"
ENTANGLED_DEPTH3_P11,14,2014,0.3,11,0.24875,"{'11': 995, '00': 999, '01': 1015, '10': 991}"
ENTANGLED_DEPTH3_P11,15,2015,0.05,11,0.251,"{'11': 1004, '10': 919, '01': 1291, '00': 786}"
ENTANGLED_DEPTH3_P11,15,2015,0.1,11,0.2535,"{'11': 1014, '10': 940, '01': 1183, '00': 863}"
ENTANGLED_DEPTH3_P11,15,2015,0.2,11,0.25825,"{'11': 1033, '10': 968, '01': 1037, '00': 962}"
ENTANGLED_DEPTH3_P11,15,2015,0.3,11,0.2585,"{'11': 1034, '10': 984, '01': 987, '00': 995}"
ENTANGLED_DEPTH3_P11,16,2016,0.05,11,0.24275,"{'10': 876, '01': 1355, '00': 798, '11': 971}"
ENTANGLED_DEPTH3_P11,16,2016,0.1,11,0.2445,"{'10': 912, '01': 1227, '00': 883, '11': 978}"
ENTANGLED_DEPTH3_P11,16,2016,0.2,11,0.24675,"{'10': 960, '01': 1075, '00': 978, '11': 987}"
ENTANGLED_DEPTH3_P11,16,2016,0.3,11,0.24725,"{'10': 981, '01': 1012, '00': 1018, '11': 989}"
ENTANGLED_DEPTH3_P11,17,2017,0.05,11,0.24475,"{'00': 809, '10': 896, '11': 979, '01': 1316}"
ENTANGLED_DEPTH3_P11,17,2017,0.1,11,0.2475,"{'00': 892, '10': 922, '11': 990, '01': 1196}"
ENTANGLED_DEPTH3_P11,17,2017,0.2,11,0.24975,"{'00': 986, '10': 967, '11': 999, '01': 1048}"
ENTANGLED_DEPTH3_P11,17,2017,0.3,11,0.24975,"{'00': 1018, '10': 986, '11': 999, '01': 997}"
ENTANGLED_DEPTH3_P11,18,2018,0.05,11,0.23725,"{'00': 840, '01': 1312, '11': 949, '10': 899}"
ENTANGLED_DEPTH3_P11,18,2018,0.1,11,0.24075,"{'00': 922, '11': 963, '01': 1185, '10': 930}"
ENTANGLED_DEPTH3_P11,18,2018,0.2,11,0.243,"{'00': 1009, '11': 972, '01': 1045, '10': 974}"
ENTANGLED_DEPTH3_P11,18,2018,0.3,11,0.2435,"{'00': 1041, '11': 974, '01': 989, '10': 996}"
ENTANGLED_DEPTH3_P11,19,2019,0.05,11,0.238,"{'11': 952, '10': 933, '01': 1338, '00': 777}"
ENTANGLED_DEPTH3_P11,19,2019,0.1,11,0.2405,"{'11': 962, '10': 988, '01': 1193, '00': 857}"
ENTANGLED_DEPTH3_P11,19,2019,0.2,11,0.2435,"{'11': 974, '10': 1040, '01': 1036, '00': 950}"
ENTANGLED_DEPTH3_P11,19,2019,0.3,11,0.244,"{'11': 976, '10': 1054, '01': 980, '00': 990}"
ENTANGLED_DEPTH3_P11,20,2020,0.05,11,0.23625,"{'01': 1314, '11': 945, '10': 928, '00': 813}"
ENTANGLED_DEPTH3_P11,20,2020,0.1,11,0.23825,"{'01': 1187, '11': 953, '10': 959, '00': 901}"
ENTANGLED_DEPTH3_P11,20,2020,0.2,11,0.241,"{'01': 1050, '11': 964, '10': 998, '00': 988}"
ENTANGLED_DEPTH3_P11,20,2020,0.3,11,0.241,"{'01': 998, '11': 964, '10': 1019, '00': 1019}"
ENTANGLED_DEPTH3_P11,21,2021,0.05,11,0.23225,"{'11': 929, '00': 804, '01': 1395, '10': 872}"
ENTANGLED_DEPTH3_P11,21,2021,0.1,11,0.2355,"{'11': 942, '00': 905, '01': 1247, '10': 906}"
ENTANGLED_DEPTH3_P11,21,2021,0.2,11,0.23725,"{'11': 949, '00': 1004, '01': 1103, '10': 944}"
ENTANGLED_DEPTH3_P11,21,2021,0.3,11,0.23725,"{'11': 949, '00': 1050, '01': 1039, '10': 962}"
ENTANGLED_DEPTH3_P11,22,2022,0.05,11,0.231,"{'10': 890, '00': 790, '11': 924, '01': 1396}"
ENTANGLED_DEPTH3_P11,22,2022,0.1,11,0.233,"{'10': 934, '00': 877, '11': 932, '01': 1257}"
ENTANGLED_DEPTH3_P11,22,2022,0.2,11,0.23575,"{'10': 978, '00': 966, '11': 943, '01': 1113}"
ENTANGLED_DEPTH3_P11,22,2022,0.3,11,0.236,"{'10': 999, '00': 993, '11': 944, '01': 1064}"
ENTANGLED_DEPTH3_P11,23,2023,0.05,11,0.2535,"{'11': 1014, '01': 1352, '10': 891, '00': 743}"
ENTANGLED_DEPTH3_P11,23,2023,0.1,11,0.257,"{'11': 1028, '01': 1221, '10': 932, '00': 819}"
ENTANGLED_DEPTH3_P11,23,2023,0.2,11,0.2595,"{'11': 1038, '01': 1083, '10': 971, '00': 908}"
ENTANGLED_DEPTH3_P11,23,2023,0.3,11,0.2595,"{'11': 1038, '01': 1029, '10': 993, '00': 940}"
ENTANGLED_DEPTH3_P11,24,2024,0.05,11,0.23775,"{'00': 760, '10': 939, '01': 1350, '11': 951}"
ENTANGLED_DEPTH3_P11,24,2024,0.1,11,0.23925,"{'00': 840, '10': 971, '01': 1232, '11': 957}"
ENTANGLED_DEPTH3_P11,24,2024,0.2,11,0.24025,"{'00': 913, '10': 1019, '01': 1107, '11': 961}"
ENTANGLED_DEPTH3_P11,24,2024,0.3,11,0.241,"{'00': 945, '10': 1038, '01': 1053, '11': 964}"
ENTANGLED_DEPTH3_P11,25,2025,0.05,11,0.2375,"{'10': 969, '01': 1348, '00': 733, '11': 950}"
ENTANGLED_DEPTH3_P11,25,2025,0.1,11,0.24225,"{'10': 986, '01': 1218, '00': 827, '11': 969}"
ENTANGLED_DEPTH3_P11,25,2025,0.2,11,0.2435,"{'10': 1023, '01': 1078, '00': 925, '11': 974}"
ENTANGLED_DEPTH3_P11,25,2025,0.3,11,0.24375,"{'10': 1043, '01': 1022, '00': 960, '11': 975}"
ENTANGLED_DEPTH3_P11,26,2026,0.05,11,0.24025,"{'10': 915, '01': 1346, '11': 961, '00': 778}"
ENTANGLED_DEPTH3_P11,26,2026,0.1,11,0.2435,"{'10': 942, '01': 1238, '11': 974, '00': 846}"
ENTANGLED_DEPTH3_P11,26,2026,0.2,11,0.24475,"{'10': 992, '11': 979, '00': 946, '01': 1083}"
ENTANGLED_DEPTH3_P11,26,2026,0.3,11,0.24525,"{'10': 1011, '11': 981, '00': 983, '01': 1025}"
ENTANGLED_DEPTH3_P11,27,2027,0.05,11,0.24775,"{'10': 908, '11': 991, '01': 1326, '00': 775}"
ENTANGLED_DEPTH3_P11,27,2027,0.1,11,0.25125,"{'10': 936, '11': 1005, '01': 1211, '00': 848}"
ENTANGLED_DEPTH3_P11,27,2027,0.2,11,0.25325,"{'10': 982, '11': 1013, '01': 1065, '00': 940}"
ENTANGLED_DEPTH3_P11,27,2027,0.3,11,0.25425,"{'10': 1003, '11': 1017, '01': 1002, '00': 978}"
ENTANGLED_DEPTH3_P11,28,2028,0.05,11,0.237,"{'00': 784, '01': 1349, '10': 919, '11': 948}"
ENTANGLED_DEPTH3_P11,28,2028,0.1,11,0.23975,"{'00': 884, '01': 1205, '10': 952, '11': 959}"
ENTANGLED_DEPTH3_P11,28,2028,0.2,11,0.2425,"{'00': 971, '01': 1073, '10': 986, '11': 970}"
ENTANGLED_DEPTH3_P11,28,2028,0.3,11,0.2425,"{'00': 1002, '01': 1022, '10': 1006, '11': 970}"
ENTANGLED_DEPTH3_P11,29,2029,0.05,11,0.245,"{'11': 980, '01': 1344, '00': 766, '10': 910}"
ENTANGLED_DEPTH3_P11,29,2029,0.1,11,0.249,"{'11': 996, '01': 1211, '00': 857, '10': 936}"
ENTANGLED_DEPTH3_P11,29,2029,0.2,11,0.251,"{'11': 1004, '01': 1085, '00': 934, '10': 977}"
ENTANGLED_DEPTH3_P11,29,2029,0.3,11,0.2515,"{'11': 1006, '01': 1028, '00': 971, '10': 995}"
