experiment_id,bootstrap_run,seed,noise_level,shots,zzz_expectation,counts
GHZ3_ZZZ_BOOTSTRAP_AIC,0,3000,0.05,4000,-0.0175,"{'111': 1777, '000': 1728, '110': 147, '100': 63, '001': 136, '101': 41, '011': 49, '010': 59}"
GHZ3_ZZZ_BOOTSTRAP_AIC,0,3000,0.1,4000,0.0035,"{'111': 1541, '000': 1516, '110': 272, '101': 111, '100': 104, '010': 89, '001': 259, '011': 108}"
GHZ3_ZZZ_BOOTSTRAP_AIC,0,3000,0.2,4000,-0.0115,"{'111': 1168, '000': 1135, '110': 440, '100': 215, '001': 433, '011': 197, '010': 207, '101': 205}"
GHZ3_ZZZ_BOOTSTRAP_AIC,0,3000,0.3,4000,0.0005,"{'111': 872, '000': 843, '110': 544, '001': 543, '101': 310, '100': 302, '010': 282, '011': 304}"
GHZ3_ZZZ_BOOTSTRAP_AIC,1,3001,0.05,4000,-0.0195,"{'000': 1734, '111': 1805, '010': 42, '110': 128, '100': 53, '001': 139, '011': 42, '101': 57}"
GHZ3_ZZZ_BOOTSTRAP_AIC,1,3001,0.1,4000,-0.0465,"{'001': 299, '111': 1588, '011': 84, '000': 1478, '101': 100, '100': 110, '010': 96, '110': 245}"
GHZ3_ZZZ_BOOTSTRAP_AIC,1,3001,0.2,4000,-0.03,"{'010': 225, '111': 1190, '011': 180, '000': 1117, '001': 435, '100': 210, '110': 459, '101': 184}"
GHZ3_ZZZ_BOOTSTRAP_AIC,1,3001,0.3,4000,-0.022,"{'011': 286, '111': 905, '001': 532, '010': 316, '100': 291, '110': 543, '000': 823, '101': 304}"
GHZ3_ZZZ_BOOTSTRAP_AIC,2,3002,0.05,4000,-0.011,"{'000': 1740, '101': 61, '001': 156, '111': 1759, '110': 129, '011': 48, '010': 55, '100': 52}"
GHZ3_ZZZ_BOOTSTRAP_AIC,2,3002,0.1,4000,-0.0155,"{'000': 1518, '100': 113, '010': 122, '111': 1540, '001': 256, '110': 261, '101': 87, '011': 103}"
GHZ3_ZZZ_BOOTSTRAP_AIC,2,3002,0.2,4000,0.024,"{'000': 1163, '100': 200, '001': 421, '011': 225, '110': 470, '010': 190, '101': 190, '111': 1141}"
GHZ3_ZZZ_BOOTSTRAP_AIC,2,3002,0.3,4000,0.005,"{'000': 854, '001': 537, '100': 298, '010': 300, '011': 308, '110': 526, '101': 322, '111': 855}"
GHZ3_ZZZ_BOOTSTRAP_AIC,3,3003,0.05,4000,-0.015,"{'000': 1754, '001': 125, '111': 1807, '101': 56, '100': 50, '010': 48, '110': 117, '011': 43}"
GHZ3_ZZZ_BOOTSTRAP_AIC,3,3003,0.1,4000,-0.0275,"{'000': 1509, '001': 278, '111': 1579, '110': 262, '100': 106, '010': 92, '011': 91, '101': 83}"
GHZ3_ZZZ_BOOTSTRAP_AIC,3,3003,0.2,4000,0.009,"{'000': 1154, '010': 212, '110': 486, '101': 195, '111': 1160, '001': 421, '100': 189, '011': 183}"
GHZ3_ZZZ_BOOTSTRAP_AIC,3,3003,0.3,4000,0.024,"{'000': 875, '011': 289, '110': 548, '101': 336, '111': 868, '001': 514, '100': 278, '010': 292}"
GHZ3_ZZZ_BOOTSTRAP_AIC,4,3004,0.05,4000,-0.0095,"{'000': 1756, '100': 54, '111': 1774, '110': 138, '011': 42, '001': 134, '101': 45, '010': 57}"
GHZ3_ZZZ_BOOTSTRAP_AIC,4,3004,0.1,4000,-0.0005,"{'000': 1535, '100': 99, '111': 1547, '101': 105, '001': 258, '110': 260, '011': 99, '010': 97}"
GHZ3_ZZZ_BOOTSTRAP_AIC,4,3004,0.2,4000,-0.03,"{'000': 1122, '100': 204, '110': 424, '111': 1185, '001': 467, '010': 204, '101': 198, '011': 196}"
GHZ3_ZZZ_BOOTSTRAP_AIC,4,3004,0.3,4000,-0.0075,"{'000': 823, '100': 290, '110': 557, '111': 860, '001': 577, '010': 288, '011': 301, '101': 304}"
GHZ3_ZZZ_BOOTSTRAP_AIC,5,3005,0.05,4000,0.0,"{'111': 1761, '000': 1781, '110': 134, '101': 49, '010': 53, '011': 36, '100': 62, '001': 124}"
GHZ3_ZZZ_BOOTSTRAP_AIC,5,3005,0.1,4000,-0.0015,"{'111': 1548, '000': 1561, '110': 265, '001': 261, '100': 111, '011': 89, '101': 82, '010': 83}"
GHZ3_ZZZ_BOOTSTRAP_AIC,5,3005,0.2,4000,0.005,"{'111': 1162, '000': 1187, '101': 194, '010': 199, '100': 193, '110': 457, '001': 436, '011': 172}"
GHZ3_ZZZ_BOOTSTRAP_AIC,5,3005,0.3,4000,-0.0155,"{'111': 868, '000': 868, '001': 564, '100': 308, '011': 271, '101': 308, '110': 522, '010': 291}"
GHZ3_ZZZ_BOOTSTRAP_AIC,6,3006,0.05,4000,0.019,"{'111': 1738, '000': 1822, '001': 125, '011': 39, '010': 49, '110': 129, '100': 50, '101': 48}"
GHZ3_ZZZ_BOOTSTRAP_AIC,6,3006,0.1,4000,0.019,"{'111': 1521, '000': 1604, '110': 241, '010': 95, '011': 88, '101': 105, '100': 98, '001': 248}"
GHZ3_ZZZ_BOOTSTRAP_AIC,6,3006,0.2,4000,0.006,"{'111': 1126, '000': 1193, '101': 173, '001': 476, '110': 463, '011': 183, '100': 203, '010': 183}"
GHZ3_ZZZ_BOOTSTRAP_AIC,6,3006,0.3,4000,0.02,"{'111': 826, '000': 893, '110': 563, '101': 300, '001': 558, '010': 300, '011': 284, '100': 276}"
GHZ3_ZZZ_BOOTSTRAP_AIC,7,3007,0.05,4000,0.0255,"{'011': 64, '001': 141, '000': 1774, '111': 1705, '010': 54, '100': 49, '101': 57, '110': 156}"
GHZ3_ZZZ_BOOTSTRAP_AIC,7,3007,0.1,4000,0.025,"{'011': 118, '010': 96, '001': 272, '111': 1476, '000': 1547, '110': 285, '100': 106, '101': 100}"
GHZ3_ZZZ_BOOTSTRAP_AIC,7,3007,0.2,4000,0.008,"{'011': 214, '001': 432, '111': 1135, '000': 1176, '110': 388, '010': 211, '100': 206, '101': 238}"
GHZ3_ZZZ_BOOTSTRAP_AIC,7,3007,0.3,4000,-0.012,"{'011': 317, '010': 319, '111': 844, '000': 856, '101': 284, '110': 519, '001': 541, '100': 320}"
GHZ3_ZZZ_BOOTSTRAP_AIC,8,3008,0.05,4000,0.0145,"{'110': 163, '000': 1758, '011': 58, '001': 134, '111': 1751, '010': 48, '101': 50, '100': 38}"
GHZ3_ZZZ_BOOTSTRAP_AIC,8,3008,0.1,4000,0.018,"{'101': 109, '000': 1533, '011': 106, '001': 269, '110': 288, '111': 1517, '010': 90, '100': 88}"
GHZ3_ZZZ_BOOTSTRAP_AIC,8,3008,0.2,4000,0.0225,"{'100': 197, '000': 1181, '011': 196, '010': 219, '110': 437, '111': 1137, '001': 402, '101': 231}"
GHZ3_ZZZ_BOOTSTRAP_AIC,8,3008,0.3,4000,-0.008,"{'100': 323, '000': 863, '011': 297, '001': 514, '101': 301, '110': 523, '111': 855, '010': 324}"
GHZ3_ZZZ_BOOTSTRAP_AIC,9,3009,0.05,4000,-0.0125,"{'000': 1718, '111': 1767, '100': 55, '001': 153, '101': 43, '110': 153, '011': 61, '010': 50}"
GHZ3_ZZZ_BOOTSTRAP_AIC,9,3009,0.1,4000,-0.0035,"{'000': 1513, '111': 1551, '100': 98, '010': 104, '001': 254, '110': 257, '101': 112, '011': 111}"
GHZ3_ZZZ_BOOTSTRAP_AIC,9,3009,0.2,4000,-0.0025,"{'000': 1154, '001': 421, '111': 1182, '100': 210, '110': 424, '011': 215, '010': 192, '101': 202}"
GHZ3_ZZZ_BOOTSTRAP_AIC,9,3009,0.3,4000,0.0185,"{'000': 859, '001': 533, '110': 556, '100': 308, '010': 271, '111': 851, '011': 319, '101': 303}"
GHZ3_ZZZ_BOOTSTRAP_AIC,10,3010,0.05,4000,-0.012,"{'000': 1737, '111': 1773, '001': 142, '010': 59, '110': 146, '011': 49, '101': 44, '100': 50}"
GHZ3_ZZZ_BOOTSTRAP_AIC,10,3010,0.1,4000,-0.0055,"{'000': 1532, '111': 1570, '110': 246, '010': 96, '011': 108, '001': 251, '101': 103, '100': 94}"
GHZ3_ZZZ_BOOTSTRAP_AIC,10,3010,0.2,4000,-0.015,"{'000': 1137, '111': 1187, '001': 441, '101': 189, '011': 204, '110': 440, '010': 205, '100': 197}"
GHZ3_ZZZ_BOOTSTRAP_AIC,10,3010,0.3,4000,-0.001,"{'000': 855, '111': 889, '010': 300, '101': 294, '001': 521, '011': 311, '110': 538, '100': 292}"
GHZ3_ZZZ_BOOTSTRAP_AIC,11,3011,0.05,4000,-0.007,"{'000': 1740, '111': 1767, '110': 139, '001': 150, '010': 50, '011': 58, '101': 49, '100': 47}"
GHZ3_ZZZ_BOOTSTRAP_AIC,11,3011,0.1,4000,-0.0085,"{'000': 1518, '111': 1549, '110': 263, '101': 94, '001': 263, '010': 109, '011': 108, '100': 96}"
GHZ3_ZZZ_BOOTSTRAP_AIC,11,3011,0.2,4000,-0.004,"{'000': 1117, '001': 450, '111': 1154, '101': 204, '100': 190, '110': 454, '010': 214, '011': 217}"
GHZ3_ZZZ_BOOTSTRAP_AIC,11,3011,0.3,4000,-0.0105,"{'001': 557, '000': 811, '010': 304, '111': 851, '100': 309, '110': 547, '101': 295, '011': 326}"
GHZ3_ZZZ_BOOTSTRAP_AIC,12,3012,0.05,4000,0.006,"{'111': 1751, '000': 1783, '011': 48, '001': 120, '100': 55, '101': 56, '010': 62, '110': 125}"
GHZ3_ZZZ_BOOTSTRAP_AIC,12,3012,0.1,4000,-0.009,"{'110': 255, '000': 1531, '011': 110, '111': 1535, '010': 86, '001': 286, '100': 111, '101': 86}"
GHZ3_ZZZ_BOOTSTRAP_AIC,12,3012,0.2,4000,0.007,"{'101': 186, '110': 445, '000': 1187, '011': 196, '001': 406, '111': 1159, '010': 224, '100': 197}"
GHZ3_ZZZ_BOOTSTRAP_AIC,12,3012,0.3,4000,0.021,"{'101': 289, '000': 877, '011': 305, '001': 537, '110': 571, '111': 834, '010': 294, '100': 293}"
GHZ3_ZZZ_BOOTSTRAP_AIC,13,3013,0.05,4000,-0.0155,"{'000': 1751, '111': 1792, '011': 38, '001': 144, '110': 133, '010': 52, '100': 43, '101': 47}"
GHZ3_ZZZ_BOOTSTRAP_AIC,13,3013,0.1,4000,-0.022,"{'000': 1525, '001': 263, '110': 248, '111': 1584, '011': 90, '010': 107, '100': 90, '101': 93}"
GHZ3_ZZZ_BOOTSTRAP_AIC,13,3013,0.2,4000,0.003,"{'000': 1183, '010': 211, '101': 182, '001': 394, '111': 1206, '110': 444, '011': 197, '100': 183}"
GHZ3_ZZZ_BOOTSTRAP_AIC,13,3013,0.3,4000,0.012,"{'001': 536, '010': 267, '101': 291, '000': 884, '110': 551, '011': 298, '111': 906, '100': 267}"
GHZ3_ZZZ_BOOTSTRAP_AIC,14,3014,0.05,4000,-0.011,"{'111': 1772, '000': 1749, '001': 147, '110': 124, '101': 56, '100': 46, '010': 57, '011': 49}"
GHZ3_ZZZ_BOOTSTRAP_AIC,14,3014,0.1,4000,-0.0145,"{'111': 1540, '000': 1509, '001': 283, '110': 262, '010': 104, '101': 94, '100': 102, '011': 106}"
GHZ3_ZZZ_BOOTSTRAP_AIC,14,3014,0.2,4000,0.0,"{'110': 439, '000': 1150, '111': 1162, '010': 231, '001': 411, '101': 201, '011': 210, '100': 196}"
GHZ3_ZZZ_BOOTSTRAP_AIC,14,3014,0.3,4000,0.0195,"{'110': 562, '000': 835, '111': 832, '101': 313, '001': 544, '011': 329, '010': 294, '100': 291}"
GHZ3_ZZZ_BOOTSTRAP_AIC,15,3015,0.05,4000,0.0275,"{'111': 1715, '000': 1801, '001': 147, '110': 148, '101': 53, '100': 42, '010': 41, '011': 53}"
GHZ3_ZZZ_BOOTSTRAP_AIC,15,3015,0.1,4000,0.014,"{'111': 1483, '000': 1554, '110': 276, '001': 280, '010': 114, '101': 104, '100': 95, '011': 94}"
GHZ3_ZZZ_BOOTSTRAP_AIC,15,3015,0.2,4000,0.01,"{'111': 1123, '000': 1176, '101': 208, '001': 438, '110': 428, '010': 220, '011': 208, '100': 199}"
GHZ3_ZZZ_BOOTSTRAP_AIC,15,3015,0.3,4000,0.012,"{'110': 550, '001': 551, '101': 292, '000': 873, '111': 814, '010': 309, '011': 309, '100': 302}"
GHZ3_ZZZ_BOOTSTRAP_AIC,16,3016,0.05,4000,0.001,"{'000': 1767, '111': 1747, '100': 57, '101': 50, '001': 134, '110': 134, '011': 51, '010': 60}"
GHZ3_ZZZ_BOOTSTRAP_AIC,16,3016,0.1,4000,0.028,"{'000': 1575, '111': 1511, '110': 282, '100': 107, '010': 93, '101': 88, '001': 233, '011': 111}"
GHZ3_ZZZ_BOOTSTRAP_AIC,16,3016,0.2,4000,0.0435,"{'000': 1209, '110': 446, '111': 1119, '101': 228, '100': 195, '011': 204, '001': 425, '010': 174}"
GHZ3_ZZZ_BOOTSTRAP_AIC,16,3016,0.3,4000,0.0255,"{'000': 909, '101': 315, '110': 533, '100': 318, '011': 294, '111': 822, '001': 516, '010': 293}"
GHZ3_ZZZ_BOOTSTRAP_AIC,17,3017,0.05,4000,-0.007,"{'111': 1789, '001': 131, '000': 1767, '110': 115, '011': 52, '101': 52, '100': 48, '010': 46}"
GHZ3_ZZZ_BOOTSTRAP_AIC,17,3017,0.1,4000,-0.0065,"{'111': 1583, '001': 241, '000': 1568, '101': 87, '110': 234, '011': 98, '100': 100, '010': 89}"
GHZ3_ZZZ_BOOTSTRAP_AIC,17,3017,0.2,4000,-0.0055,"{'111': 1201, '010': 187, '001': 436, '000': 1186, '100': 187, '110': 439, '011': 187, '101': 177}"
GHZ3_ZZZ_BOOTSTRAP_AIC,17,3017,0.3,4000,0.0165,"{'111': 881, '011': 292, '010': 291, '000': 887, '100': 269, '110': 567, '001': 526, '101': 287}"
GHZ3_ZZZ_BOOTSTRAP_AIC,18,3018,0.05,4000,-0.0135,"{'111': 1776, '000': 1761, '110': 114, '001': 133, '101': 49, '100': 53, '011': 49, '010': 65}"
GHZ3_ZZZ_BOOTSTRAP_AIC,18,3018,0.1,4000,-0.0185,"{'111': 1570, '000': 1529, '101': 79, '010': 90, '001': 275, '110': 241, '100': 102, '011': 114}"
GHZ3_ZZZ_BOOTSTRAP_AIC,18,3018,0.2,4000,0.013,"{'111': 1167, '000': 1178, '110': 452, '100': 181, '011': 204, '010': 199, '101': 192, '001': 427}"
GHZ3_ZZZ_BOOTSTRAP_AIC,18,3018,0.3,4000,0.022,"{'111': 863, '000': 877, '110': 559, '100': 272, '101': 298, '001': 522, '011': 310, '010': 299}"
GHZ3_ZZZ_BOOTSTRAP_AIC,19,3019,0.05,4000,0.0275,"{'000': 1802, '111': 1725, '100': 45, '101': 47, '110': 165, '010': 47, '011': 41, '001': 128}"
GHZ3_ZZZ_BOOTSTRAP_AIC,19,3019,0.1,4000,0.0105,"{'001': 279, '000': 1559, '111': 1516, '110': 263, '100': 92, '101': 111, '011': 88, '010': 92}"
GHZ3_ZZZ_BOOTSTRAP_AIC,19,3019,0.2,4000,-0.0195,"{'010': 204, '000': 1163, '111': 1161, '110': 406, '101': 212, '100': 203, '001': 471, '011': 180}"
GHZ3_ZZZ_BOOTSTRAP_AIC,19,3019,0.3,4000,-0.0175,"{'011': 290, '000': 875, '111': 866, '001': 532, '101': 280, '110': 520, '100': 316, '010': 321}"
GHZ3_ZZZ_BOOTSTRAP_AIC,20,3020,0.05,4000,-0.0045,"{'010': 54, '111': 1751, '000': 1763, '110': 121, '001': 146, '100': 58, '101': 57, '011': 50}"
GHZ3_ZZZ_BOOTSTRAP_AIC,20,3020,0.1,4000,-0.0115,"{'011': 104, '111': 1523, '110': 261, '000': 1524, '001': 277, '010': 108, '101': 88, '100': 115}"
GHZ3_ZZZ_BOOTSTRAP_AIC,20,3020,0.2,4000,-0.0085,"{'011': 212, '111': 1162, '101': 192, '110': 430, '000': 1149, '001': 435, '010': 217, '100': 203}"
GHZ3_ZZZ_BOOTSTRAP_AIC,20,3020,0.3,4000,0.011,"{'011': 320, '111': 839, '101': 294, '000': 857, '100': 303, '001': 537, '110': 551, '010': 299}"
GHZ3_ZZZ_BOOTSTRAP_AIC,21,3021,0.05,4000,0.0,"{'111': 1787, '000': 1774, '001': 131, '100': 43, '101': 37, '110': 137, '010': 39, '011': 52}"
GHZ3_ZZZ_BOOTSTRAP_AIC,21,3021,0.1,4000,0.0015,"{'110': 270, '111': 1554, '000': 1542, '010': 88, '001': 275, '100': 80, '101': 100, '011': 91}"
GHZ3_ZZZ_BOOTSTRAP_AIC,21,3021,0.2,4000,0.013,"{'110': 482, '111': 1133, '000': 1156, '001': 440, '011': 179, '010': 221, '100': 180, '101': 209}"
GHZ3_ZZZ_BOOTSTRAP_AIC,21,3021,0.3,4000,0.0155,"{'101': 339, '111': 844, '000': 876, '001': 522, '011': 272, '110': 544, '010': 326, '100': 277}"
GHZ3_ZZZ_BOOTSTRAP_AIC,22,3022,0.05,4000,0.0175,"{'111': 1719, '000': 1814, '001': 142, '110': 131, '011': 45, '010': 46, '101': 45, '100': 58}"
GHZ3_ZZZ_BOOTSTRAP_AIC,22,3022,0.1,4000,-0.006,"{'111': 1506, '000': 1553, '010': 106, '001': 297, '110': 253, '101': 91, '011': 91, '100': 103}"
GHZ3_ZZZ_BOOTSTRAP_AIC,22,3022,0.2,4000,0.0085,"{'110': 460, '111': 1110, '000': 1171, '001': 463, '011': 197, '101': 189, '010': 216, '100': 194}"
GHZ3_ZZZ_BOOTSTRAP_AIC,22,3022,0.3,4000,0.0,"{'101': 316, '111': 816, '000': 860, '001': 551, '110': 533, '011': 291, '010': 345, '100': 288}"
GHZ3_ZZZ_BOOTSTRAP_AIC,23,3023,0.05,4000,-0.001,"{'000': 1740, '110': 139, '111': 1735, '001': 144, '101': 61, '100': 70, '011': 58, '010': 53}"
GHZ3_ZZZ_BOOTSTRAP_AIC,23,3023,0.1,4000,-0.007,"{'000': 1511, '101': 103, '110': 261, '111': 1510, '001': 268, '100': 131, '011': 111, '010': 105}"
GHZ3_ZZZ_BOOTSTRAP_AIC,23,3023,0.2,4000,-0.0195,"{'000': 1110, '100': 234, '101': 208, '001': 467, '111': 1136, '110': 427, '010': 202, '011': 216}"
GHZ3_ZZZ_BOOTSTRAP_AIC,23,3023,0.3,4000,-0.025,"{'000': 804, '100': 343, '101': 291, '001': 560, '111': 829, '010': 318, '011': 313, '110': 542}"
GHZ3_ZZZ_BOOTSTRAP_AIC,24,3024,0.05,4000,-0.0165,"{'001': 144, '000': 1724, '111': 1791, '010': 47, '110': 153, '011': 48, '100': 51, '101': 42}"
GHZ3_ZZZ_BOOTSTRAP_AIC,24,3024,0.1,4000,-0.0075,"{'010': 112, '000': 1499, '110': 287, '111': 1553, '001': 257, '011': 95, '101': 104, '100': 93}"
GHZ3_ZZZ_BOOTSTRAP_AIC,24,3024,0.2,4000,0.004,"{'011': 207, '001': 443, '101': 219, '110': 466, '111': 1155, '000': 1116, '010': 197, '100': 197}"
GHZ3_ZZZ_BOOTSTRAP_AIC,24,3024,0.3,4000,0.0,"{'011': 301, '001': 525, '101': 318, '110': 553, '010': 309, '111': 857, '000': 828, '100': 309}"
GHZ3_ZZZ_BOOTSTRAP_AIC,25,3025,0.05,4000,-0.0015,"{'111': 1781, '000': 1754, '010': 44, '101': 48, '110': 135, '011': 60, '001': 137, '100': 41}"
GHZ3_ZZZ_BOOTSTRAP_AIC,25,3025,0.1,4000,-0.014,"{'111': 1568, '000': 1520, '011': 104, '110': 259, '100': 89, '101': 89, '001': 277, '010': 94}"
GHZ3_ZZZ_BOOTSTRAP_AIC,25,3025,0.2,4000,-0.0045,"{'111': 1196, '001': 421, '110': 438, '000': 1162, '011': 198, '101': 193, '100': 178, '010': 214}"
GHZ3_ZZZ_BOOTSTRAP_AIC,25,3025,0.3,4000,-0.005,"{'111': 894, '010': 292, '110': 537, '001': 554, '011': 305, '101': 304, '000': 844, '100': 270}"
GHZ3_ZZZ_BOOTSTRAP_AIC,26,3026,0.05,4000,0.0255,"{'000': 1815, '111': 1726, '011': 54, '010': 39, '101': 54, '110': 128, '001': 139, '100': 45}"
GHZ3_ZZZ_BOOTSTRAP_AIC,26,3026,0.1,4000,0.0065,"{'000': 1585, '111': 1519, '110': 247, '011': 93, '100': 99, '101': 88, '010': 102, '001': 267}"
GHZ3_ZZZ_BOOTSTRAP_AIC,26,3026,0.2,4000,0.029,"{'000': 1227, '111': 1130, '101': 180, '011': 195, '110': 456, '001': 414, '100': 187, '010': 211}"
GHZ3_ZZZ_BOOTSTRAP_AIC,26,3026,0.3,4000,0.0145,"{'000': 902, '110': 516, '101': 321, '001': 537, '011': 290, '111': 845, '010': 318, '100': 271}"
GHZ3_ZZZ_BOOTSTRAP_AIC,27,3027,0.05,4000,-0.011,"{'000': 1743, '111': 1791, '100': 42, '110': 140, '001': 144, '011': 47, '101': 48, '010': 45}"
GHZ3_ZZZ_BOOTSTRAP_AIC,27,3027,0.1,4000,-0.005,"{'000': 1530, '111': 1563, '100': 90, '110': 272, '101': 96, '001': 251, '010': 106, '011': 92}"
GHZ3_ZZZ_BOOTSTRAP_AIC,27,3027,0.2,4000,0.0135,"{'000': 1168, '111': 1174, '001': 419, '100': 186, '101': 209, '110': 452, '010': 194, '011': 198}"
GHZ3_ZZZ_BOOTSTRAP_AIC,27,3027,0.3,4000,0.0115,"{'000': 866, '111': 871, '001': 532, '100': 299, '101': 304, '010': 275, '110': 547, '011': 306}"
GHZ3_ZZZ_BOOTSTRAP_AIC,28,3028,0.05,4000,0.012,"{'000': 1799, '110': 129, '111': 1760, '011': 55, '101': 41, '001': 132, '010': 53, '100': 31}"
GHZ3_ZZZ_BOOTSTRAP_AIC,28,3028,0.1,4000,0.027,"{'000': 1584, '001': 251, '101': 95, '111': 1527, '110': 267, '011': 108, '100': 72, '010': 96}"
GHZ3_ZZZ_BOOTSTRAP_AIC,28,3028,0.2,4000,0.0455,"{'000': 1207, '001': 442, '100': 167, '010': 186, '110': 484, '111': 1114, '101': 196, '011': 204}"
GHZ3_ZZZ_BOOTSTRAP_AIC,28,3028,0.3,4000,0.042,"{'000': 889, '010': 275, '100': 260, '110': 569, '111': 805, '001': 576, '011': 299, '101': 327}"
GHZ3_ZZZ_BOOTSTRAP_AIC,29,3029,0.05,4000,-0.0045,"{'000': 1759, '111': 1785, '110': 136, '101': 53, '011': 43, '001': 135, '010': 39, '100': 50}"
GHZ3_ZZZ_BOOTSTRAP_AIC,29,3029,0.1,4000,-0.0115,"{'000': 1547, '111': 1573, '110': 251, '001': 251, '101': 97, '100': 103, '011': 82, '010': 96}"
GHZ3_ZZZ_BOOTSTRAP_AIC,29,3029,0.2,4000,0.001,"{'000': 1178, '111': 1178, '001': 427, '110': 451, '101': 195, '010': 193, '100': 200, '011': 178}"
GHZ3_ZZZ_BOOTSTRAP_AIC,29,3029,0.3,4000,-0.0025,"{'000': 873, '111': 878, '010': 276, '001': 552, '101': 297, '011': 275, '110': 550, '100': 299}"
