experiment_id,bootstrap_run,seed,basis,noise_level,shots,expectation,counts
GHZ4_ZZZZ_vs_XXXX_BOOTSTRAP_AIC,0,5000,Z,0.05,4000,0.742,"{'1111': 1658, '1000': 40, '0000': 1632, '0001': 130, '0011': 85, '1100': 88, '0010': 35, '1110': 135, '0111': 51, '1101': 44, '0100': 51, '1011': 30, '1010': 6, '0101': 3, '1001': 8, '0110': 4}"
GHZ4_ZZZZ_vs_XXXX_BOOTSTRAP_AIC,0,5000,X,0.05,4000,0.55,"{'1010': 370, '0100': 109, '1110': 111, '0101': 378, '1111': 388, '0000': 379, '1100': 411, '1011': 129, '0011': 423, '0110': 352, '1101': 102, '0010': 112, '0001': 120, '1001': 399, '1000': 99, '0111': 118}"
GHZ4_ZZZZ_vs_XXXX_BOOTSTRAP_AIC,0,5000,Z,0.1,4000,0.542,"{'1111': 1348, '0000': 1344, '0001': 218, '0011': 149, '1110': 202, '1011': 74, '0010': 76, '0100': 76, '1000': 74, '1100': 165, '1101': 114, '0111': 82, '0110': 27, '1001': 10, '1010': 22, '0101': 19}"
GHZ4_ZZZZ_vs_XXXX_BOOTSTRAP_AIC,0,5000,X,0.1,4000,0.3065,"{'0001': 184, '1010': 307, '0100': 165, '1110': 169, '0101': 322, '0000': 315, '1100': 352, '1011': 192, '1111': 330, '0011': 355, '0110': 291, '0010': 180, '1101': 161, '1001': 341, '0111': 179, '1000': 157}"
GHZ4_ZZZZ_vs_XXXX_BOOTSTRAP_AIC,0,5000,Z,0.2,4000,0.198,"{'0100': 128, '1101': 182, '0001': 341, '0011': 246, '1111': 839, '0000': 845, '1110': 352, '0010': 184, '1100': 250, '1001': 53, '0110': 58, '1000': 127, '0101': 43, '0111': 146, '1010': 62, '1011': 144}"
GHZ4_ZZZZ_vs_XXXX_BOOTSTRAP_AIC,0,5000,X,0.2,4000,0.0845,"{'1011': 256, '0100': 213, '1110': 218, '0101': 274, '0000': 254, '1100': 281, '0001': 245, '1111': 281, '0011': 303, '0110': 243, '0010': 232, '1010': 243, '1101': 232, '1000': 208, '0111': 227, '1001': 290}"
GHZ4_ZZZZ_vs_XXXX_BOOTSTRAP_AIC,0,5000,Z,0.3,4000,0.05,"{'0011': 286, '1100': 286, '0010': 262, '1101': 274, '0100': 168, '1111': 520, '0000': 524, '1110': 342, '0001': 354, '0110': 116, '1011': 164, '0101': 102, '1001': 128, '0111': 179, '1000': 157, '1010': 138}"
GHZ4_ZZZZ_vs_XXXX_BOOTSTRAP_AIC,0,5000,X,0.3,4000,0.0225,"{'1011': 271, '1101': 249, '0100': 228, '1110': 239, '0101': 259, '0000': 238, '1100': 264, '0001': 261, '0011': 286, '1111': 260, '0110': 234, '0010': 249, '1010': 228, '1000': 222, '0111': 236, '1001': 276}"
GHZ4_ZZZZ_vs_XXXX_BOOTSTRAP_AIC,1,5001,Z,0.05,4000,0.726,"{'1010': 5, '0001': 139, '1111': 1635, '0111': 42, '1000': 58, '0000': 1612, '1100': 93, '1101': 51, '0010': 55, '1011': 45, '1110': 125, '0011': 93, '0100': 33, '0101': 6, '0110': 4, '1001': 4}"
GHZ4_ZZZZ_vs_XXXX_BOOTSTRAP_AIC,1,5001,X,0.05,4000,0.545,"{'1111': 420, '0110': 417, '0111': 94, '0011': 387, '0000': 350, '1000': 119, '1001': 387, '0101': 401, '1100': 360, '0010': 105, '1010': 368, '0100': 117, '1011': 121, '0001': 113, '1110': 125, '1101': 116}"
GHZ4_ZZZZ_vs_XXXX_BOOTSTRAP_AIC,1,5001,Z,0.1,4000,0.5025,"{'0011': 174, '1111': 1324, '0111': 73, '1000': 101, '0000': 1291, '1011': 85, '0001': 231, '1110': 228, '1101': 91, '1100': 159, '0100': 87, '0010': 99, '0101': 17, '0110': 12, '1010': 17, '1001': 11}"
GHZ4_ZZZZ_vs_XXXX_BOOTSTRAP_AIC,1,5001,X,0.1,4000,0.2985,"{'1111': 342, '0110': 349, '1110': 203, '0111': 162, '0011': 337, '0000': 292, '1000': 190, '1001': 316, '0101': 341, '0001': 171, '1100': 298, '1101': 178, '0010': 155, '1010': 322, '0100': 177, '1011': 167}"
GHZ4_ZZZZ_vs_XXXX_BOOTSTRAP_AIC,1,5001,Z,0.2,4000,0.219,"{'0101': 68, '1111': 861, '0111': 122, '1000': 145, '0000': 781, '0100': 139, '1001': 69, '0011': 266, '1100': 258, '0001': 334, '1110': 316, '0010': 207, '1011': 128, '0110': 67, '1101': 171, '1010': 68}"
GHZ4_ZZZZ_vs_XXXX_BOOTSTRAP_AIC,1,5001,X,0.2,4000,0.0595,"{'1111': 292, '0110': 284, '0101': 276, '1110': 253, '0111': 227, '0011': 275, '0000': 239, '1000': 253, '0001': 224, '1101': 244, '1100': 232, '0010': 217, '1010': 268, '0100': 242, '1001': 253, '1011': 221}"
GHZ4_ZZZZ_vs_XXXX_BOOTSTRAP_AIC,1,5001,Z,0.3,4000,0.067,"{'1111': 565, '0110': 132, '0111': 161, '1001': 127, '0001': 322, '0000': 483, '1000': 188, '0100': 184, '1110': 319, '1011': 173, '0010': 264, '1010': 119, '1101': 255, '0011': 314, '1100': 270, '0101': 124}"
GHZ4_ZZZZ_vs_XXXX_BOOTSTRAP_AIC,1,5001,X,0.3,4000,0.001,"{'1111': 272, '0110': 269, '0101': 259, '1110': 273, '0111': 242, '0011': 261, '0000': 226, '1000': 261, '0001': 237, '1101': 256, '1100': 220, '0010': 231, '1010': 250, '0100': 259, '1001': 245, '1011': 239}"
GHZ4_ZZZZ_vs_XXXX_BOOTSTRAP_AIC,2,5002,Z,0.05,4000,0.731,"{'0000': 1647, '0111': 49, '1111': 1597, '1100': 112, '1001': 4, '0001': 109, '0100': 45, '1110': 145, '1011': 40, '1101': 53, '0010': 55, '0011': 92, '1010': 4, '1000': 42, '0110': 4, '0101': 2}"
GHZ4_ZZZZ_vs_XXXX_BOOTSTRAP_AIC,2,5002,X,0.05,4000,0.577,"{'1001': 427, '1010': 380, '0001': 109, '0111': 111, '1100': 375, '0000': 408, '0110': 385, '1111': 388, '1000': 101, '0101': 373, '0010': 97, '0100': 102, '1110': 102, '0011': 418, '1101': 126, '1011': 98}"
GHZ4_ZZZZ_vs_XXXX_BOOTSTRAP_AIC,2,5002,Z,0.1,4000,0.51,"{'0000': 1336, '0111': 83, '1110': 223, '1111': 1287, '0010': 108, '1010': 19, '0011': 142, '1101': 93, '0001': 210, '1000': 74, '1100': 182, '1001': 16, '1011': 103, '0100': 86, '0101': 21, '0110': 17}"
GHZ4_ZZZZ_vs_XXXX_BOOTSTRAP_AIC,2,5002,X,0.1,4000,0.3065,"{'1010': 320, '0001': 174, '0111': 171, '1100': 309, '0000': 343, '1101': 192, '0110': 325, '1111': 329, '1001': 341, '1000': 187, '0101': 297, '0010': 166, '0100': 178, '1110': 161, '0011': 349, '1011': 158}"
GHZ4_ZZZZ_vs_XXXX_BOOTSTRAP_AIC,2,5002,Z,0.2,4000,0.2325,"{'1000': 126, '0000': 856, '0111': 139, '0011': 247, '1100': 251, '1111': 824, '1101': 183, '1110': 304, '0101': 66, '0010': 169, '0001': 334, '1011': 156, '1010': 67, '1001': 86, '0100': 124, '0110': 68}"
GHZ4_ZZZZ_vs_XXXX_BOOTSTRAP_AIC,2,5002,X,0.2,4000,0.07,"{'1001': 279, '1010': 269, '0001': 231, '0111': 239, '1100': 257, '1101': 244, '0110': 257, '1111': 268, '1000': 249, '1110': 222, '0100': 234, '0010': 232, '0000': 286, '0101': 241, '0011': 283, '1011': 209}"
GHZ4_ZZZZ_vs_XXXX_BOOTSTRAP_AIC,2,5002,Z,0.3,4000,0.0605,"{'0000': 531, '0111': 171, '1011': 179, '0101': 129, '1110': 337, '1100': 274, '1101': 237, '1111': 515, '1000': 186, '0110': 127, '0011': 276, '0001': 365, '0010': 235, '1010': 133, '1001': 136, '0100': 169}"
GHZ4_ZZZZ_vs_XXXX_BOOTSTRAP_AIC,2,5002,X,0.3,4000,0.0035,"{'1001': 265, '1010': 252, '0001': 252, '0111': 254, '1100': 240, '1101': 261, '0110': 242, '1111': 249, '1000': 263, '1110': 241, '0100': 251, '0010': 245, '0000': 265, '0101': 224, '0011': 270, '1011': 226}"
GHZ4_ZZZZ_vs_XXXX_BOOTSTRAP_AIC,3,5003,Z,0.05,4000,0.726,"{'0100': 49, '1111': 1614, '0001': 134, '1000': 50, '0000': 1644, '1110': 137, '0011': 87, '0111': 43, '1011': 35, '1100': 94, '1101': 54, '0101': 4, '0010': 46, '1010': 3, '0110': 2, '1001': 4}"
GHZ4_ZZZZ_vs_XXXX_BOOTSTRAP_AIC,3,5003,X,0.05,4000,0.5645,"{'0111': 111, '1010': 379, '0011': 401, '1100': 390, '0110': 387, '0101': 383, '1011': 109, '0010': 97, '1001': 414, '1111': 367, '0000': 408, '1000': 103, '0001': 108, '1101': 125, '1110': 104, '0100': 114}"
GHZ4_ZZZZ_vs_XXXX_BOOTSTRAP_AIC,3,5003,Z,0.1,4000,0.524,"{'0111': 82, '0110': 16, '1111': 1288, '1110': 222, '1100': 173, '0011': 165, '0000': 1338, '0001': 220, '0100': 69, '1000': 75, '0010': 96, '1101': 109, '0101': 23, '1011': 79, '1010': 28, '1001': 17}"
GHZ4_ZZZZ_vs_XXXX_BOOTSTRAP_AIC,3,5003,X,0.1,4000,0.3045,"{'0111': 168, '1010': 323, '0011': 324, '1100': 322, '0110': 330, '0101': 319, '1011': 165, '0010': 174, '1001': 343, '1111': 310, '0000': 338, '0001': 178, '1101': 193, '1000': 174, '0100': 178, '1110': 161}"
GHZ4_ZZZZ_vs_XXXX_BOOTSTRAP_AIC,3,5003,Z,0.2,4000,0.2055,"{'0111': 133, '1101': 184, '1111': 809, '0101': 68, '1110': 331, '1100': 256, '0010': 190, '0000': 855, '1011': 146, '0001': 325, '0011': 241, '0100': 140, '0110': 57, '1000': 140, '1010': 66, '1001': 59}"
GHZ4_ZZZZ_vs_XXXX_BOOTSTRAP_AIC,3,5003,X,0.2,4000,0.076,"{'0111': 221, '0010': 249, '1011': 227, '1101': 248, '1100': 267, '1010': 261, '0110': 277, '0101': 266, '0011': 249, '1001': 282, '1111': 261, '0000': 289, '0001': 227, '1000': 235, '0100': 231, '1110': 210}"
GHZ4_ZZZZ_vs_XXXX_BOOTSTRAP_AIC,3,5003,Z,0.3,4000,0.0625,"{'0111': 168, '0011': 291, '1100': 288, '1110': 346, '1101': 257, '1011': 167, '0110': 119, '0001': 359, '1010': 138, '0010': 237, '1111': 490, '0000': 532, '0100': 167, '1000': 174, '0101': 136, '1001': 131}"
GHZ4_ZZZZ_vs_XXXX_BOOTSTRAP_AIC,3,5003,X,0.3,4000,0.009,"{'0111': 243, '0010': 263, '1011': 249, '0100': 242, '1101': 273, '1100': 242, '1010': 239, '0110': 255, '0101': 255, '0011': 235, '1001': 269, '1111': 248, '0000': 275, '0001': 241, '1000': 248, '1110': 223}"
GHZ4_ZZZZ_vs_XXXX_BOOTSTRAP_AIC,4,5004,Z,0.05,4000,0.718,"{'0000': 1645, '1111': 1601, '1110': 160, '1100': 79, '0011': 88, '1011': 44, '0100': 50, '0001': 117, '0010': 57, '0111': 51, '1101': 39, '1000': 46, '0101': 6, '1001': 7, '0110': 5, '1010': 5}"
GHZ4_ZZZZ_vs_XXXX_BOOTSTRAP_AIC,4,5004,X,0.05,4000,0.538,"{'0010': 120, '1100': 419, '0011': 387, '1110': 118, '1001': 412, '0001': 108, '0110': 359, '1000': 111, '0111': 124, '0101': 401, '1011': 105, '1111': 355, '1010': 344, '0000': 399, '1101': 117, '0100': 121}"
GHZ4_ZZZZ_vs_XXXX_BOOTSTRAP_AIC,4,5004,Z,0.1,4000,0.5245,"{'1000': 82, '0000': 1343, '1111': 1293, '1100': 187, '1101': 104, '0100': 82, '0111': 97, '0001': 228, '1011': 61, '0011': 149, '1001': 20, '1110': 212, '1010': 22, '0010': 85, '0101': 20, '0110': 15}"
GHZ4_ZZZZ_vs_XXXX_BOOTSTRAP_AIC,4,5004,X,0.1,4000,0.2865,"{'0010': 184, '1100': 356, '0011': 323, '1110': 170, '1001': 354, '0001': 192, '0111': 186, '1000': 169, '0101': 337, '1011': 161, '0110': 297, '1101': 180, '1111': 303, '1010': 288, '0000': 315, '0100': 185}"
GHZ4_ZZZZ_vs_XXXX_BOOTSTRAP_AIC,4,5004,Z,0.2,4000,0.203,"{'1000': 134, '0000': 852, '0110': 68, '1111': 828, '1011': 166, '0111': 146, '0011': 233, '1100': 247, '1110': 327, '1001': 51, '0100': 115, '1101': 171, '0101': 70, '0010': 194, '0001': 341, '1010': 57}"
GHZ4_ZZZZ_vs_XXXX_BOOTSTRAP_AIC,4,5004,X,0.2,4000,0.072,"{'0010': 240, '0101': 283, '1110': 227, '1101': 237, '1001': 309, '0001': 241, '0111': 247, '1000': 214, '1011': 211, '0110': 236, '0011': 267, '1111': 246, '0000': 266, '1100': 299, '0100': 239, '1010': 238}"
GHZ4_ZZZZ_vs_XXXX_BOOTSTRAP_AIC,4,5004,Z,0.3,4000,0.0515,"{'1001': 123, '0001': 347, '1111': 490, '1110': 367, '1000': 169, '0000': 529, '0111': 185, '1011': 168, '0100': 151, '1101': 255, '0101': 107, '0110': 129, '1100': 266, '1010': 143, '0011': 316, '0010': 255}"
GHZ4_ZZZZ_vs_XXXX_BOOTSTRAP_AIC,4,5004,X,0.3,4000,0.0085,"{'0010': 258, '0101': 265, '1110': 237, '1101': 258, '1001': 294, '0001': 257, '0111': 263, '1000': 229, '1011': 224, '0110': 220, '0011': 249, '1111': 236, '0000': 250, '1100': 278, '0100': 257, '1010': 225}"
GHZ4_ZZZZ_vs_XXXX_BOOTSTRAP_AIC,5,5005,Z,0.05,4000,0.727,"{'1111': 1596, '0000': 1664, '1101': 44, '0010': 52, '1011': 44, '1100': 90, '0011': 86, '0001': 163, '0111': 38, '1110': 128, '0100': 32, '0101': 5, '1000': 45, '0110': 4, '1001': 3, '1010': 6}"
GHZ4_ZZZZ_vs_XXXX_BOOTSTRAP_AIC,5,5005,X,0.05,4000,0.5595,"{'1101': 111, '0110': 415, '1111': 371, '0000': 404, '1001': 387, '1010': 365, '0011': 403, '1110': 108, '0101': 393, '1011': 128, '1100': 381, '0010': 108, '1000': 105, '0100': 121, '0111': 89, '0001': 111}"
GHZ4_ZZZZ_vs_XXXX_BOOTSTRAP_AIC,5,5005,Z,0.1,4000,0.5395,"{'1111': 1316, '1000': 80, '0000': 1352, '1110': 179, '0010': 97, '1011': 85, '1101': 108, '0001': 230, '0100': 76, '0011': 191, '0101': 19, '0111': 66, '1100': 154, '0110': 13, '1010': 16, '1001': 18}"
GHZ4_ZZZZ_vs_XXXX_BOOTSTRAP_AIC,5,5005,X,0.1,4000,0.305,"{'1101': 173, '1110': 165, '0000': 341, '1001': 319, '1010': 298, '0011': 334, '1011': 195, '0110': 354, '0101': 331, '1111': 314, '1100': 319, '0010': 177, '1000': 173, '0111': 150, '0100': 183, '0001': 174}"
GHZ4_ZZZZ_vs_XXXX_BOOTSTRAP_AIC,5,5005,Z,0.2,4000,0.211,"{'1111': 809, '0000': 861, '1101': 183, '0011': 253, '1100': 235, '1001': 67, '0001': 333, '1110': 338, '1000': 132, '0110': 58, '0100': 154, '0111': 116, '0101': 77, '0010': 192, '1011': 130, '1010': 62}"
GHZ4_ZZZZ_vs_XXXX_BOOTSTRAP_AIC,5,5005,X,0.2,4000,0.071,"{'1101': 234, '1110': 228, '1000': 227, '0000': 282, '0010': 243, '1011': 256, '1001': 265, '0011': 268, '0110': 297, '0101': 284, '1010': 237, '1111': 251, '1100': 258, '0111': 207, '0100': 230, '0001': 233}"
GHZ4_ZZZZ_vs_XXXX_BOOTSTRAP_AIC,5,5005,Z,0.3,4000,0.0735,"{'1110': 334, '1111': 502, '0000': 535, '1100': 278, '0010': 255, '1011': 163, '1001': 127, '0001': 354, '0101': 136, '0011': 301, '1101': 257, '1000': 173, '0111': 149, '0110': 146, '1010': 122, '0100': 168}"
GHZ4_ZZZZ_vs_XXXX_BOOTSTRAP_AIC,5,5005,X,0.3,4000,0.015,"{'1101': 243, '1110': 243, '1000': 237, '0000': 267, '0010': 254, '1011': 272, '1001': 255, '0011': 257, '0110': 274, '0101': 271, '1100': 249, '0111': 230, '1010': 221, '0100': 243, '1111': 236, '0001': 248}"
GHZ4_ZZZZ_vs_XXXX_BOOTSTRAP_AIC,6,5006,Z,0.05,4000,0.7315,"{'0001': 133, '1100': 86, '0011': 86, '0110': 10, '1111': 1683, '0000': 1587, '1011': 35, '0111': 56, '1110': 136, '0010': 51, '0100': 45, '1000': 47, '0101': 4, '1101': 34, '1001': 5, '1010': 2}"
GHZ4_ZZZZ_vs_XXXX_BOOTSTRAP_AIC,6,5006,X,0.05,4000,0.5275,"{'1111': 391, '0110': 379, '0001': 116, '1001': 369, '1010': 395, '1100': 396, '0011': 379, '1011': 131, '0111': 126, '0000': 371, '0100': 121, '1000': 103, '0101': 375, '1110': 128, '0010': 105, '1101': 115}"
GHZ4_ZZZZ_vs_XXXX_BOOTSTRAP_AIC,6,5006,Z,0.1,4000,0.534,"{'0011': 171, '0100': 74, '1110': 230, '1111': 1361, '0000': 1309, '1011': 66, '0111': 96, '0001': 192, '1000': 75, '1100': 153, '0110': 19, '0010': 93, '1010': 23, '0101': 18, '1101': 106, '1001': 14}"
GHZ4_ZZZZ_vs_XXXX_BOOTSTRAP_AIC,6,5006,X,0.1,4000,0.2795,"{'1111': 332, '0110': 318, '0111': 187, '0001': 179, '1010': 335, '0011': 311, '1000': 161, '1011': 191, '1100': 333, '0100': 185, '0101': 311, '1110': 187, '1001': 311, '1101': 178, '0010': 173, '0000': 308}"
GHZ4_ZZZZ_vs_XXXX_BOOTSTRAP_AIC,6,5006,Z,0.2,4000,0.2005,"{'0100': 129, '1111': 866, '0110': 53, '1100': 265, '1001': 52, '0001': 332, '1110': 345, '0000': 812, '0111': 154, '0011': 227, '1000': 126, '0010': 189, '1011': 145, '1101': 179, '0101': 76, '1010': 50}"
GHZ4_ZZZZ_vs_XXXX_BOOTSTRAP_AIC,6,5006,X,0.2,4000,0.05,"{'1111': 269, '0110': 260, '0111': 245, '0001': 243, '1010': 283, '0011': 254, '1000': 203, '1011': 243, '1100': 275, '0100': 250, '0101': 246, '1110': 250, '1001': 269, '1101': 236, '0010': 230, '0000': 244}"
GHZ4_ZZZZ_vs_XXXX_BOOTSTRAP_AIC,6,5006,Z,0.3,4000,0.0575,"{'0101': 115, '0111': 187, '1100': 292, '1111': 540, '0010': 251, '0000': 504, '1000': 161, '1101': 269, '0001': 335, '0100': 152, '0011': 296, '1001': 101, '1010': 135, '1110': 347, '0110': 132, '1011': 183}"
GHZ4_ZZZZ_vs_XXXX_BOOTSTRAP_AIC,6,5006,X,0.3,4000,-0.0145,"{'1111': 252, '0110': 242, '0111': 263, '0001': 256, '1010': 264, '0011': 239, '1000': 216, '1011': 262, '1100': 256, '1110': 267, '0100': 265, '0101': 231, '1001': 256, '1101': 255, '0010': 245, '0000': 231}"
GHZ4_ZZZZ_vs_XXXX_BOOTSTRAP_AIC,7,5007,Z,0.05,4000,0.75,"{'0000': 1681, '0011': 81, '1100': 92, '0110': 5, '1111': 1623, '1101': 44, '0001': 128, '1110': 138, '0111': 46, '1000': 42, '1011': 37, '0010': 33, '1010': 3, '0101': 8, '0100': 32, '1001': 7}"
GHZ4_ZZZZ_vs_XXXX_BOOTSTRAP_AIC,7,5007,X,0.05,4000,0.549,"{'1100': 378, '0011': 403, '0100': 137, '1110': 110, '0101': 373, '1001': 397, '0000': 426, '0110': 356, '1010': 386, '1111': 379, '0001': 117, '0010': 101, '1101': 108, '0111': 101, '1011': 133, '1000': 95}"
GHZ4_ZZZZ_vs_XXXX_BOOTSTRAP_AIC,7,5007,Z,0.1,4000,0.5325,"{'0000': 1376, '1010': 17, '0001': 212, '1011': 82, '1111': 1307, '0100': 61, '0101': 23, '1110': 228, '1100': 163, '0010': 100, '0011': 151, '0111': 74, '1000': 78, '1101': 100, '1001': 11, '0110': 17}"
GHZ4_ZZZZ_vs_XXXX_BOOTSTRAP_AIC,7,5007,X,0.1,4000,0.285,"{'1100': 322, '0011': 333, '0100': 202, '1110': 182, '0101': 308, '1001': 330, '0000': 351, '0111': 165, '0001': 192, '1010': 327, '1111': 307, '1000': 162, '0010': 171, '1101': 164, '0110': 292, '1011': 192}"
GHZ4_ZZZZ_vs_XXXX_BOOTSTRAP_AIC,7,5007,Z,0.2,4000,0.207,"{'1001': 69, '0001': 364, '0011': 242, '0110': 45, '1111': 802, '0000': 873, '1110': 353, '1101': 181, '0111': 130, '1000': 119, '1100': 259, '1010': 64, '0100': 130, '0010': 170, '1011': 139, '0101': 60}"
GHZ4_ZZZZ_vs_XXXX_BOOTSTRAP_AIC,7,5007,X,0.2,4000,0.0795,"{'1100': 268, '0011': 288, '0100': 260, '1110': 228, '0101': 250, '0000': 288, '1000': 217, '0111': 200, '0001': 255, '1010': 272, '1111': 261, '0010': 216, '1001': 275, '1101': 218, '0110': 257, '1011': 247}"
GHZ4_ZZZZ_vs_XXXX_BOOTSTRAP_AIC,7,5007,Z,0.3,4000,0.0665,"{'1001': 127, '0001': 336, '0010': 276, '1101': 266, '0100': 162, '1111': 515, '0000': 568, '0011': 282, '1110': 322, '0111': 165, '1100': 292, '1000': 161, '1011': 179, '0101': 124, '0110': 101, '1010': 124}"
GHZ4_ZZZZ_vs_XXXX_BOOTSTRAP_AIC,7,5007,X,0.3,4000,0.0165,"{'1100': 252, '0011': 264, '0100': 277, '1110': 231, '0101': 233, '0000': 269, '1000': 229, '0111': 216, '0001': 274, '1010': 253, '1111': 258, '0010': 240, '1001': 263, '1101': 234, '0110': 241, '1011': 266}"
GHZ4_ZZZZ_vs_XXXX_BOOTSTRAP_AIC,8,5008,Z,0.05,4000,0.7355,"{'0000': 1588, '1111': 1689, '0001': 120, '1110': 122, '1011': 52, '0010': 53, '0100': 50, '1100': 92, '0011': 82, '1000': 47, '0110': 5, '0111': 45, '1101': 40, '1001': 7, '0101': 6, '1010': 2}"
GHZ4_ZZZZ_vs_XXXX_BOOTSTRAP_AIC,8,5008,X,0.05,4000,0.5725,"{'0000': 385, '0110': 385, '1111': 391, '0010': 99, '1010': 424, '1001': 369, '0011': 361, '1100': 413, '1101': 115, '1110': 126, '0101': 417, '0111': 116, '1000': 119, '1011': 94, '0100': 108, '0001': 78}"
GHZ4_ZZZZ_vs_XXXX_BOOTSTRAP_AIC,8,5008,Z,0.1,4000,0.5005,"{'0000': 1257, '0110': 22, '1111': 1369, '1110': 239, '1100': 148, '0011': 150, '0001': 239, '0010': 103, '1101': 88, '0111': 84, '0100': 78, '1000': 89, '1011': 79, '1001': 19, '1010': 20, '0101': 16}"
GHZ4_ZZZZ_vs_XXXX_BOOTSTRAP_AIC,8,5008,X,0.1,4000,0.3175,"{'0000': 328, '0110': 323, '1111': 332, '1011': 156, '0010': 166, '1001': 304, '0011': 294, '1100': 352, '1101': 176, '1110': 185, '1010': 362, '0101': 340, '0111': 178, '1000': 184, '0100': 185, '0001': 135}"
GHZ4_ZZZZ_vs_XXXX_BOOTSTRAP_AIC,8,5008,Z,0.2,4000,0.206,"{'0000': 784, '1111': 855, '1100': 260, '1101': 216, '0100': 129, '0101': 61, '1110': 329, '1011': 128, '1010': 56, '0001': 308, '0011': 278, '0111': 139, '0110': 61, '1000': 150, '0010': 189, '1001': 57}"
GHZ4_ZZZZ_vs_XXXX_BOOTSTRAP_AIC,8,5008,X,0.2,4000,0.0755,"{'1001': 258, '0001': 189, '0110': 266, '1111': 270, '1011': 241, '0010': 222, '0011': 238, '1100': 291, '1101': 237, '1110': 247, '0000': 274, '0111': 235, '1010': 277, '0101': 277, '1000': 230, '0100': 248}"
GHZ4_ZZZZ_vs_XXXX_BOOTSTRAP_AIC,8,5008,Z,0.3,4000,0.059,"{'0000': 475, '0110': 121, '1111': 535, '0001': 333, '1011': 174, '1100': 320, '1101': 250, '1110': 351, '1001': 112, '0100': 190, '0111': 178, '0101': 129, '1010': 125, '1000': 184, '0011': 301, '0010': 222}"
GHZ4_ZZZZ_vs_XXXX_BOOTSTRAP_AIC,8,5008,X,0.3,4000,0.016,"{'1001': 241, '0001': 200, '0110': 253, '1111': 256, '1011': 258, '0010': 239, '0011': 221, '1100': 278, '1101': 250, '1110': 261, '0000': 263, '0111': 248, '1010': 260, '0101': 260, '1000': 247, '0100': 265}"
GHZ4_ZZZZ_vs_XXXX_BOOTSTRAP_AIC,9,5009,Z,0.05,4000,0.741,"{'0000': 1652, '1101': 54, '0100': 49, '1111': 1636, '0001': 122, '1110': 131, '0010': 37, '1100': 93, '1000': 40, '1011': 43, '0011': 77, '0101': 6, '0111': 42, '0110': 6, '1010': 7, '1001': 5}"
GHZ4_ZZZZ_vs_XXXX_BOOTSTRAP_AIC,9,5009,X,0.05,4000,0.58,"{'0011': 379, '0101': 407, '0111': 110, '1010': 390, '1001': 392, '1111': 422, '0110': 360, '1101': 107, '0100': 95, '0001': 114, '1100': 402, '1000': 100, '1110': 97, '0000': 408, '1011': 99, '0010': 118}"
GHZ4_ZZZZ_vs_XXXX_BOOTSTRAP_AIC,9,5009,Z,0.1,4000,0.5225,"{'0000': 1335, '0001': 220, '1111': 1330, '0110': 21, '0011': 149, '1100': 169, '1101': 85, '0010': 101, '1011': 88, '1000': 80, '1110': 229, '1001': 15, '0100': 70, '0111': 82, '1010': 13, '0101': 13}"
GHZ4_ZZZZ_vs_XXXX_BOOTSTRAP_AIC,9,5009,X,0.1,4000,0.325,"{'0010': 188, '0101': 346, '0111': 163, '1001': 322, '1111': 343, '0110': 307, '1101': 158, '0011': 309, '1011': 161, '0100': 156, '0001': 178, '1100': 351, '1000': 170, '1110': 176, '0000': 344, '1010': 328}"
GHZ4_ZZZZ_vs_XXXX_BOOTSTRAP_AIC,9,5009,Z,0.2,4000,0.2285,"{'0000': 851, '1100': 252, '0011': 256, '0111': 127, '1010': 67, '0100': 116, '1111': 840, '1011': 135, '0001': 313, '0010': 211, '1110': 335, '0101': 58, '1000': 122, '1001': 74, '1101': 184, '0110': 59}"
GHZ4_ZZZZ_vs_XXXX_BOOTSTRAP_AIC,9,5009,X,0.2,4000,0.0825,"{'0010': 241, '0101': 280, '0111': 213, '1000': 234, '1001': 258, '0110': 257, '1101': 234, '0011': 256, '1111': 281, '1011': 218, '0100': 222, '0001': 235, '1100': 275, '1110': 238, '0000': 287, '1010': 271}"
GHZ4_ZZZZ_vs_XXXX_BOOTSTRAP_AIC,9,5009,Z,0.3,4000,0.087,"{'1010': 121, '1001': 132, '0001': 339, '0100': 172, '0111': 163, '1011': 172, '1110': 331, '0101': 117, '0010': 227, '1111': 540, '0011': 311, '1100': 291, '0110': 117, '0000': 545, '1101': 254, '1000': 168}"
GHZ4_ZZZZ_vs_XXXX_BOOTSTRAP_AIC,9,5009,X,0.3,4000,0.0175,"{'0010': 255, '0101': 259, '0111': 232, '1000': 252, '1001': 240, '0110': 238, '1101': 247, '0011': 242, '1111': 263, '1011': 233, '0100': 243, '0001': 247, '1100': 262, '1110': 256, '0000': 275, '1010': 256}"
GHZ4_ZZZZ_vs_XXXX_BOOTSTRAP_AIC,10,5010,Z,0.05,4000,0.7205,"{'1111': 1585, '0000': 1641, '1110': 117, '0011': 86, '1100': 109, '1101': 65, '1001': 10, '0001': 148, '0010': 60, '1011': 39, '0100': 45, '0111': 36, '1000': 49, '1010': 6, '0101': 2, '0110': 2}"
GHZ4_ZZZZ_vs_XXXX_BOOTSTRAP_AIC,10,5010,X,0.05,4000,0.573,"{'0110': 401, '1111': 375, '0010': 124, '1011': 104, '1010': 389, '0101': 415, '0011': 390, '1100': 389, '0000': 368, '1001': 419, '0001': 110, '0100': 117, '1000': 111, '1110': 99, '1101': 94, '0111': 95}"
GHZ4_ZZZZ_vs_XXXX_BOOTSTRAP_AIC,10,5010,Z,0.1,4000,0.5025,"{'1111': 1270, '0001': 245, '1110': 223, '0000': 1315, '0011': 193, '1100': 167, '1011': 100, '0100': 79, '1000': 96, '1101': 96, '1010': 20, '1001': 8, '0110': 17, '0010': 88, '0111': 68, '0101': 15}"
GHZ4_ZZZZ_vs_XXXX_BOOTSTRAP_AIC,10,5010,X,0.1,4000,0.31,"{'0110': 340, '1111': 313, '0010': 190, '1011': 172, '1010': 321, '0101': 349, '0011': 324, '1100': 325, '0000': 303, '1001': 345, '0001': 175, '0100': 183, '1000': 185, '0111': 156, '1110': 161, '1101': 158}"
GHZ4_ZZZZ_vs_XXXX_BOOTSTRAP_AIC,10,5010,Z,0.2,4000,0.216,"{'1111': 777, '1100': 264, '0011': 268, '1110': 340, '0000': 822, '0001': 337, '0010': 194, '1101': 178, '1011': 121, '1001': 85, '1010': 76, '0110': 63, '0100': 143, '1000': 139, '0101': 77, '0111': 116}"
GHZ4_ZZZZ_vs_XXXX_BOOTSTRAP_AIC,10,5010,X,0.2,4000,0.077,"{'0110': 277, '1111': 263, '0010': 238, '1011': 234, '1010': 259, '0101': 295, '0011': 276, '1100': 265, '0001': 227, '1001': 268, '0100': 237, '1000': 262, '1110': 211, '0111': 219, '0000': 251, '1101': 218}"
GHZ4_ZZZZ_vs_XXXX_BOOTSTRAP_AIC,10,5010,Z,0.3,4000,0.0635,"{'1111': 489, '1101': 247, '0100': 183, '0010': 249, '1011': 181, '0011': 307, '1100': 290, '0001': 353, '0000': 502, '1110': 319, '1010': 121, '1000': 185, '1001': 148, '0111': 156, '0110': 148, '0101': 122}"
GHZ4_ZZZZ_vs_XXXX_BOOTSTRAP_AIC,10,5010,X,0.3,4000,0.0145,"{'0110': 258, '1111': 251, '0010': 253, '1011': 251, '1010': 242, '0101': 281, '0011': 261, '1100': 249, '0001': 237, '1001': 246, '0100': 251, '1000': 284, '1110': 223, '0111': 238, '0000': 241, '1101': 234}"
GHZ4_ZZZZ_vs_XXXX_BOOTSTRAP_AIC,11,5011,Z,0.05,4000,0.7275,"{'1000': 48, '0000': 1648, '1111': 1612, '0100': 52, '0111': 41, '1110': 133, '0010': 42, '1100': 84, '0011': 91, '0001': 133, '1101': 48, '1011': 48, '0110': 8, '0101': 5, '1010': 6, '1001': 1}"
GHZ4_ZZZZ_vs_XXXX_BOOTSTRAP_AIC,11,5011,X,0.05,4000,0.5675,"{'0000': 405, '1110': 95, '0101': 379, '0011': 373, '1100': 369, '0111': 117, '1010': 412, '0110': 401, '1111': 392, '1001': 404, '0100': 112, '0010': 111, '1011': 97, '1000': 108, '1101': 103, '0001': 122}"
GHZ4_ZZZZ_vs_XXXX_BOOTSTRAP_AIC,11,5011,Z,0.1,4000,0.4935,"{'0000': 1330, '0001': 205, '0110': 17, '1111': 1266, '0111': 89, '0010': 123, '0011': 153, '1100': 160, '1110': 255, '1011': 83, '1101': 101, '1000': 80, '0101': 26, '1001': 23, '0100': 77, '1010': 12}"
GHZ4_ZZZZ_vs_XXXX_BOOTSTRAP_AIC,11,5011,X,0.1,4000,0.304,"{'0000': 332, '1110': 165, '0101': 306, '0011': 307, '1100': 313, '0100': 185, '0111': 181, '1010': 350, '0110': 337, '1111': 322, '1101': 159, '1001': 341, '1000': 171, '0010': 177, '1011': 159, '0001': 195}"
GHZ4_ZZZZ_vs_XXXX_BOOTSTRAP_AIC,11,5011,Z,0.2,4000,0.225,"{'0000': 852, '0011': 260, '1111': 800, '0001': 330, '0111': 150, '1101': 187, '1110': 301, '0010': 169, '1011': 143, '0101': 60, '1100': 293, '1001': 68, '1000': 130, '0100': 140, '0110': 59, '1010': 58}"
GHZ4_ZZZZ_vs_XXXX_BOOTSTRAP_AIC,11,5011,X,0.2,4000,0.0665,"{'0000': 268, '1110': 231, '0101': 241, '0011': 254, '1100': 265, '0100': 250, '0111': 236, '1011': 223, '0010': 230, '0110': 282, '1111': 256, '1101': 207, '1001': 281, '0001': 259, '1010': 286, '1000': 231}"
GHZ4_ZZZZ_vs_XXXX_BOOTSTRAP_AIC,11,5011,Z,0.3,4000,0.084,"{'0000': 549, '1101': 237, '0100': 153, '1110': 313, '1111': 504, '1100': 298, '0011': 301, '0111': 181, '0001': 327, '0010': 244, '1010': 134, '0110': 122, '1011': 206, '1000': 171, '0101': 143, '1001': 117}"
GHZ4_ZZZZ_vs_XXXX_BOOTSTRAP_AIC,11,5011,X,0.3,4000,0.0065,"{'0000': 252, '1110': 248, '0101': 228, '0100': 263, '1101': 227, '1100': 245, '0111': 247, '1011': 241, '0011': 238, '0010': 246, '0110': 271, '1111': 239, '1001': 272, '0001': 275, '1010': 268, '1000': 240}"
GHZ4_ZZZZ_vs_XXXX_BOOTSTRAP_AIC,12,5012,Z,0.05,4000,0.7295,"{'1111': 1638, '1000': 49, '0000': 1601, '0001': 130, '0111': 41, '0011': 101, '1110': 125, '1011': 46, '0110': 8, '1100': 89, '0010': 59, '0101': 8, '1001': 8, '1101': 40, '0100': 51, '1010': 6}"
GHZ4_ZZZZ_vs_XXXX_BOOTSTRAP_AIC,12,5012,X,0.05,4000,0.5695,"{'1100': 375, '0000': 399, '0110': 409, '1111': 399, '0101': 380, '1110': 102, '1010': 414, '0010': 96, '1101': 119, '0011': 391, '0111': 115, '1001': 372, '1000': 121, '1011': 99, '0001': 105, '0100': 104}"
GHZ4_ZZZZ_vs_XXXX_BOOTSTRAP_AIC,12,5012,Z,0.1,4000,0.5075,"{'1111': 1315, '1000': 89, '0000': 1299, '0011': 172, '0001': 215, '0111': 91, '0010': 93, '1101': 107, '0100': 92, '1100': 147, '1011': 72, '1010': 25, '1001': 20, '1110': 226, '0101': 20, '0110': 17}"
GHZ4_ZZZZ_vs_XXXX_BOOTSTRAP_AIC,12,5012,X,0.1,4000,0.3,"{'1100': 311, '0000': 334, '0110': 333, '1111': 322, '0101': 320, '1110': 179, '1011': 161, '1101': 183, '1010': 352, '0010': 164, '0001': 170, '0011': 323, '0111': 191, '1001': 305, '1000': 188, '0100': 164}"
GHZ4_ZZZZ_vs_XXXX_BOOTSTRAP_AIC,12,5012,Z,0.2,4000,0.209,"{'1111': 830, '0000': 830, '1110': 319, '0101': 72, '0011': 243, '1101': 195, '0001': 316, '0111': 152, '0010': 187, '0100': 131, '1100': 258, '1000': 146, '0110': 68, '1011': 136, '1001': 60, '1010': 57}"
GHZ4_ZZZZ_vs_XXXX_BOOTSTRAP_AIC,12,5012,X,0.2,4000,0.086,"{'1101': 237, '0000': 279, '0101': 266, '1110': 238, '0110': 270, '0010': 207, '1011': 218, '1010': 295, '0001': 225, '0011': 280, '0111': 254, '0100': 218, '1111': 263, '1001': 262, '1000': 231, '1100': 257}"
GHZ4_ZZZZ_vs_XXXX_BOOTSTRAP_AIC,12,5012,Z,0.3,4000,0.066,"{'1110': 348, '0000': 519, '0110': 142, '1111': 517, '0100': 163, '1100': 305, '0001': 334, '0111': 190, '0011': 287, '0010': 241, '0101': 123, '1010': 125, '1000': 186, '1101': 226, '1001': 114, '1011': 180}"
GHZ4_ZZZZ_vs_XXXX_BOOTSTRAP_AIC,12,5012,X,0.3,4000,0.0235,"{'1101': 250, '0000': 266, '0101': 251, '1110': 255, '0111': 277, '0010': 217, '1011': 236, '1010': 277, '0001': 238, '0011': 270, '0100': 233, '1111': 246, '0110': 247, '1001': 246, '1000': 247, '1100': 244}"
GHZ4_ZZZZ_vs_XXXX_BOOTSTRAP_AIC,13,5013,Z,0.05,4000,0.7065,"{'0001': 130, '1111': 1594, '1101': 58, '0000': 1611, '0111': 59, '1110': 167, '1100': 89, '0011': 100, '0010': 49, '1000': 43, '0100': 38, '1011': 43, '1001': 7, '0110': 5, '0101': 5, '1010': 2}"
GHZ4_ZZZZ_vs_XXXX_BOOTSTRAP_AIC,13,5013,X,0.05,4000,0.556,"{'0110': 392, '0001': 126, '1001': 430, '1010': 388, '0010': 118, '1011': 118, '1101': 112, '0111': 114, '0011': 372, '1111': 357, '0000': 389, '0101': 406, '1000': 104, '1100': 378, '1110': 116, '0100': 80}"
GHZ4_ZZZZ_vs_XXXX_BOOTSTRAP_AIC,13,5013,Z,0.1,4000,0.506,"{'1100': 193, '0011': 161, '1110': 219, '1111': 1288, '1101': 107, '0000': 1300, '0111': 89, '0010': 86, '0001': 235, '0100': 95, '1011': 81, '1000': 76, '0110': 18, '1010': 20, '1001': 19, '0101': 13}"
GHZ4_ZZZZ_vs_XXXX_BOOTSTRAP_AIC,13,5013,X,0.1,4000,0.292,"{'0110': 313, '0001': 194, '1001': 364, '1010': 326, '0010': 175, '1011': 180, '1101': 174, '0111': 193, '0011': 315, '1111': 302, '0100': 159, '0101': 327, '1110': 171, '1000': 170, '1100': 316, '0000': 321}"
GHZ4_ZZZZ_vs_XXXX_BOOTSTRAP_AIC,13,5013,Z,0.2,4000,0.203,"{'1101': 187, '0100': 134, '1100': 250, '1110': 332, '1010': 77, '1111': 797, '0000': 831, '0111': 144, '0011': 258, '1011': 164, '0001': 322, '0010': 176, '0110': 71, '1001': 61, '0101': 61, '1000': 135}"
GHZ4_ZZZZ_vs_XXXX_BOOTSTRAP_AIC,13,5013,X,0.2,4000,0.071,"{'0110': 256, '0001': 248, '1001': 300, '1010': 270, '0010': 228, '1011': 236, '1101': 238, '0111': 250, '0011': 262, '1111': 252, '0100': 203, '0101': 283, '1000': 234, '1110': 221, '1100': 252, '0000': 267}"
GHZ4_ZZZZ_vs_XXXX_BOOTSTRAP_AIC,13,5013,Z,0.3,4000,0.081,"{'0101': 120, '1011': 173, '1100': 292, '1101': 247, '0001': 325, '1001': 152, '1010': 141, '1111': 495, '0000': 538, '0111': 193, '0100': 176, '0011': 304, '0010': 221, '0110': 120, '1000': 170, '1110': 333}"
GHZ4_ZZZZ_vs_XXXX_BOOTSTRAP_AIC,13,5013,X,0.3,4000,0.0115,"{'0110': 245, '0001': 264, '1001': 280, '1010': 253, '0010': 237, '1011': 253, '1000': 254, '1101': 254, '0111': 261, '0011': 253, '1111': 239, '0100': 220, '0101': 266, '1110': 234, '1100': 236, '0000': 251}"
GHZ4_ZZZZ_vs_XXXX_BOOTSTRAP_AIC,14,5014,Z,0.05,4000,0.734,"{'1111': 1633, '1110': 145, '1000': 44, '0000': 1639, '1101': 47, '0100': 44, '1011': 40, '1100': 91, '0001': 118, '0011': 84, '0111': 36, '0010': 58, '1001': 5, '1010': 6, '0101': 3, '0110': 7}"
GHZ4_ZZZZ_vs_XXXX_BOOTSTRAP_AIC,14,5014,X,0.05,4000,0.5665,"{'0011': 371, '1100': 380, '1001': 388, '1111': 406, '1000': 104, '0000': 403, '0111': 97, '0101': 370, '0010': 105, '0110': 400, '0001': 121, '1010': 415, '1110': 92, '1101': 109, '0100': 122, '1011': 117}"
GHZ4_ZZZZ_vs_XXXX_BOOTSTRAP_AIC,14,5014,Z,0.1,4000,0.523,"{'0110': 21, '1111': 1337, '1100': 175, '0000': 1297, '1101': 83, '0001': 248, '1001': 21, '1011': 76, '1000': 74, '0010': 102, '0011': 159, '0111': 69, '0100': 77, '1110': 225, '0101': 16, '1010': 20}"
GHZ4_ZZZZ_vs_XXXX_BOOTSTRAP_AIC,14,5014,X,0.1,4000,0.322,"{'0011': 315, '1100': 322, '1001': 326, '1111': 333, '1000': 166, '0000': 342, '0111': 157, '0101': 313, '0010': 161, '0110': 340, '1101': 167, '0100': 179, '0001': 182, '1010': 353, '1110': 165, '1011': 179}"
GHZ4_ZZZZ_vs_XXXX_BOOTSTRAP_AIC,14,5014,Z,0.2,4000,0.2235,"{'1110': 333, '1011': 139, '0001': 344, '1111': 825, '1000': 137, '0000': 823, '1100': 257, '0111': 120, '1001': 54, '0011': 285, '1010': 70, '0100': 127, '1101': 196, '0110': 63, '0010': 157, '0101': 70}"
GHZ4_ZZZZ_vs_XXXX_BOOTSTRAP_AIC,14,5014,X,0.2,4000,0.084,"{'0011': 264, '1100': 264, '1001': 266, '0101': 268, '1110': 226, '1000': 226, '0000': 272, '0111': 223, '0010': 212, '0110': 274, '1111': 272, '1101': 225, '0100': 224, '0001': 252, '1010': 288, '1011': 244}"
GHZ4_ZZZZ_vs_XXXX_BOOTSTRAP_AIC,14,5014,Z,0.3,4000,0.062,"{'0100': 213, '1101': 247, '1010': 122, '0010': 267, '1111': 515, '1000': 165, '0000': 546, '0111': 154, '0001': 304, '1110': 339, '0011': 247, '1001': 134, '0101': 129, '1100': 302, '1011': 187, '0110': 129}"
GHZ4_ZZZZ_vs_XXXX_BOOTSTRAP_AIC,14,5014,X,0.3,4000,0.0225,"{'0011': 240, '1100': 251, '1001': 252, '0101': 258, '1110': 236, '1000': 240, '0000': 254, '0111': 237, '0010': 236, '0110': 260, '1111': 262, '1101': 238, '0100': 234, '0001': 270, '1010': 268, '1011': 264}"
GHZ4_ZZZZ_vs_XXXX_BOOTSTRAP_AIC,15,5015,Z,0.05,4000,0.7255,"{'1111': 1552, '1101': 54, '0100': 44, '0000': 1709, '1110': 149, '0001': 124, '0010': 42, '1011': 43, '1100': 98, '0111': 44, '0011': 81, '1000': 49, '1010': 3, '1001': 5, '0101': 3}"
GHZ4_ZZZZ_vs_XXXX_BOOTSTRAP_AIC,15,5015,X,0.05,4000,0.567,"{'0110': 369, '1111': 366, '0111': 99, '0101': 420, '1001': 420, '0010': 121, '0000': 422, '0100': 98, '1000': 109, '1010': 367, '0001': 118, '1011': 102, '1100': 370, '0011': 400, '1110': 107, '1101': 112}"
GHZ4_ZZZZ_vs_XXXX_BOOTSTRAP_AIC,15,5015,Z,0.1,4000,0.5265,"{'0110': 20, '1111': 1273, '1000': 86, '0000': 1374, '0011': 156, '1100': 181, '1110': 182, '1101': 108, '0001': 243, '1011': 91, '0111': 71, '0010': 97, '1001': 14, '0100': 69, '1010': 18, '0101': 17}"
GHZ4_ZZZZ_vs_XXXX_BOOTSTRAP_AIC,15,5015,X,0.1,4000,0.3035,"{'0110': 309, '1111': 310, '0111': 159, '0100': 175, '0001': 177, '1001': 351, '0010': 196, '0101': 343, '1000': 178, '0000': 363, '1010': 305, '1011': 164, '1100': 301, '0011': 325, '1110': 163, '1101': 181}"
GHZ4_ZZZZ_vs_XXXX_BOOTSTRAP_AIC,15,5015,Z,0.2,4000,0.2245,"{'1111': 794, '0111': 123, '0001': 329, '0010': 190, '1011': 146, '1000': 137, '0000': 886, '0100': 136, '1100': 244, '1010': 70, '1101': 180, '1110': 310, '0101': 59, '0011': 270, '0110': 54, '1001': 72}"
GHZ4_ZZZZ_vs_XXXX_BOOTSTRAP_AIC,15,5015,X,0.2,4000,0.07,"{'0110': 260, '1111': 250, '0111': 208, '0100': 227, '0001': 246, '1001': 290, '0010': 259, '1000': 239, '0000': 294, '1010': 243, '1011': 226, '0101': 291, '1100': 250, '0011': 262, '1101': 232, '1110': 223}"
GHZ4_ZZZZ_vs_XXXX_BOOTSTRAP_AIC,15,5015,Z,0.3,4000,0.08,"{'1111': 496, '0111': 158, '0011': 312, '1010': 137, '1000': 178, '0000': 567, '0101': 108, '0010': 237, '1100': 275, '1001': 141, '1011': 166, '0110': 124, '1101': 238, '1110': 322, '0100': 187, '0001': 354}"
GHZ4_ZZZZ_vs_XXXX_BOOTSTRAP_AIC,15,5015,X,0.3,4000,-0.001,"{'0110': 246, '1111': 233, '0111': 222, '0100': 246, '0001': 269, '1001': 272, '0010': 281, '1000': 257, '0000': 271, '1010': 228, '1011': 241, '0101': 272, '1100': 236, '0011': 240, '1101': 246, '1110': 240}"
GHZ4_ZZZZ_vs_XXXX_BOOTSTRAP_AIC,16,5016,Z,0.05,4000,0.743,"{'0000': 1628, '1111': 1648, '0001': 134, '0101': 5, '1110': 112, '0010': 46, '1100': 97, '0100': 42, '0011': 82, '0110': 9, '1000': 43, '1001': 5, '0111': 49, '1011': 36, '1101': 52, '1010': 12}"
GHZ4_ZZZZ_vs_XXXX_BOOTSTRAP_AIC,16,5016,X,0.05,4000,0.5645,"{'0000': 382, '1010': 413, '1100': 382, '0011': 416, '1111': 375, '0110': 368, '1011': 118, '1101': 99, '0101': 385, '0001': 103, '1001': 408, '1110': 104, '0111': 116, '0100': 112, '0010': 113, '1000': 106}"
GHZ4_ZZZZ_vs_XXXX_BOOTSTRAP_AIC,16,5016,Z,0.1,4000,0.489,"{'0000': 1307, '1110': 243, '1100': 144, '0011': 164, '1111': 1291, '0010': 96, '0001': 231, '1101': 124, '0111': 87, '1011': 86, '0101': 17, '1000': 80, '1010': 21, '0100': 75, '0110': 18, '1001': 16}"
GHZ4_ZZZZ_vs_XXXX_BOOTSTRAP_AIC,16,5016,X,0.1,4000,0.303,"{'0000': 316, '0001': 169, '1010': 345, '1100': 316, '0011': 354, '1111': 305, '0110': 309, '1011': 186, '1101': 165, '0101': 327, '1001': 334, '1110': 174, '0111': 175, '1000': 180, '0100': 170, '0010': 175}"
GHZ4_ZZZZ_vs_XXXX_BOOTSTRAP_AIC,16,5016,Z,0.2,4000,0.219,"{'0000': 830, '1100': 289, '0001': 344, '1101': 200, '0100': 139, '1110': 315, '1111': 812, '0010': 164, '0011': 263, '1011': 121, '1010': 65, '0101': 58, '0111': 137, '1000': 142, '1001': 61, '0110': 60}"
GHZ4_ZZZZ_vs_XXXX_BOOTSTRAP_AIC,16,5016,X,0.2,4000,0.0815,"{'1010': 279, '0001': 220, '1100': 255, '0011': 297, '0110': 260, '1011': 252, '0000': 265, '1110': 225, '1101': 226, '0101': 272, '1001': 281, '0111': 224, '1000': 233, '1111': 254, '0100': 225, '0010': 232}"
GHZ4_ZZZZ_vs_XXXX_BOOTSTRAP_AIC,16,5016,Z,0.3,4000,0.0345,"{'0000': 504, '0010': 256, '1011': 207, '1111': 495, '0110': 125, '1101': 235, '1110': 346, '1100': 304, '0011': 278, '0101': 125, '0100': 172, '1010': 113, '1001': 125, '0001': 360, '0111': 175, '1000': 180}"
GHZ4_ZZZZ_vs_XXXX_BOOTSTRAP_AIC,16,5016,X,0.3,4000,0.0215,"{'1010': 264, '0001': 236, '1100': 237, '0011': 282, '0110': 242, '1011': 267, '0000': 249, '1110': 233, '1101': 244, '0101': 260, '1001': 263, '0111': 242, '1000': 251, '1111': 246, '0100': 237, '0010': 247}"
GHZ4_ZZZZ_vs_XXXX_BOOTSTRAP_AIC,17,5017,Z,0.05,4000,0.7245,"{'1111': 1603, '1000': 52, '0000': 1624, '1100': 89, '0011': 110, '0001': 136, '1101': 43, '1110': 121, '0010': 47, '1011': 55, '0100': 53, '0111': 44, '1010': 5, '1001': 7, '0101': 6, '0110': 5}"
GHZ4_ZZZZ_vs_XXXX_BOOTSTRAP_AIC,17,5017,X,0.05,4000,0.5405,"{'1011': 120, '1111': 372, '1101': 116, '0000': 387, '1100': 413, '0011': 391, '1010': 356, '0101': 376, '0110': 405, '0111': 125, '1000': 126, '1001': 381, '1110': 91, '0100': 121, '0001': 106, '0010': 114}"
GHZ4_ZZZZ_vs_XXXX_BOOTSTRAP_AIC,17,5017,Z,0.1,4000,0.516,"{'1111': 1295, '1000': 92, '0000': 1323, '0101': 31, '1110': 213, '0001': 209, '0100': 87, '0011': 165, '1100': 150, '1011': 79, '1101': 101, '0010': 102, '1001': 27, '0111': 85, '1010': 18, '0110': 23}"
GHZ4_ZZZZ_vs_XXXX_BOOTSTRAP_AIC,17,5017,X,0.1,4000,0.279,"{'1011': 158, '0101': 299, '1110': 159, '1101': 187, '0000': 334, '0011': 317, '1010': 318, '1111': 304, '1100': 342, '0110': 326, '0111': 204, '0010': 188, '0001': 159, '1000': 189, '1001': 318, '0100': 198}"
GHZ4_ZZZZ_vs_XXXX_BOOTSTRAP_AIC,17,5017,Z,0.2,4000,0.1895,"{'1110': 337, '0110': 67, '1111': 807, '0000': 842, '0001': 333, '0011': 227, '1100': 253, '1101': 177, '0111': 159, '0100': 148, '1000': 154, '1010': 55, '1001': 62, '0010': 183, '1011': 130, '0101': 66}"
GHZ4_ZZZZ_vs_XXXX_BOOTSTRAP_AIC,17,5017,X,0.2,4000,0.047,"{'1011': 219, '0101': 250, '1110': 217, '1101': 245, '1010': 257, '0001': 221, '0011': 250, '1111': 246, '1100': 284, '0111': 260, '0110': 270, '0010': 255, '1000': 242, '0000': 272, '1001': 265, '0100': 247}"
GHZ4_ZZZZ_vs_XXXX_BOOTSTRAP_AIC,17,5017,Z,0.3,4000,0.0275,"{'1101': 272, '1111': 481, '0000': 511, '1011': 173, '0010': 249, '0011': 295, '1100': 267, '0001': 356, '0110': 124, '0111': 202, '1110': 356, '1000': 189, '1001': 127, '1010': 110, '0101': 140, '0100': 148}"
GHZ4_ZZZZ_vs_XXXX_BOOTSTRAP_AIC,17,5017,X,0.3,4000,-0.0115,"{'1011': 238, '0101': 240, '1110': 233, '1101': 256, '1010': 238, '0001': 237, '0011': 233, '1111': 230, '1100': 273, '0111': 272, '0110': 258, '0010': 272, '1000': 258, '0000': 256, '1001': 249, '0100': 257}"
GHZ4_ZZZZ_vs_XXXX_BOOTSTRAP_AIC,18,5018,Z,0.05,4000,0.7285,"{'1111': 1626, '0000': 1619, '1110': 137, '0001': 134, '1101': 55, '0011': 105, '0111': 40, '0010': 51, '1001': 5, '1010': 5, '1100': 88, '1000': 46, '0100': 42, '0110': 5, '1011': 38, '0101': 4}"
GHZ4_ZZZZ_vs_XXXX_BOOTSTRAP_AIC,18,5018,X,0.05,4000,0.569,"{'0011': 393, '1100': 365, '1101': 110, '1011': 121, '0101': 384, '1111': 435, '1001': 426, '0000': 386, '0110': 403, '0001': 107, '1010': 346, '0111': 99, '0010': 112, '0100': 116, '1000': 103, '1110': 94}"
GHZ4_ZZZZ_vs_XXXX_BOOTSTRAP_AIC,18,5018,Z,0.1,4000,0.511,"{'1111': 1305, '0000': 1304, '0001': 228, '0011': 168, '1100': 176, '1110': 214, '0010': 96, '0100': 92, '0111': 75, '0101': 21, '1011': 83, '1000': 79, '1101': 111, '1010': 17, '1001': 15, '0110': 16}"
GHZ4_ZZZZ_vs_XXXX_BOOTSTRAP_AIC,18,5018,X,0.1,4000,0.3075,"{'0100': 180, '1101': 173, '0010': 181, '1011': 186, '1111': 368, '0011': 324, '1110': 161, '0101': 320, '1001': 363, '0001': 162, '0110': 326, '0000': 331, '1100': 302, '1010': 281, '0111': 176, '1000': 166}"
GHZ4_ZZZZ_vs_XXXX_BOOTSTRAP_AIC,18,5018,Z,0.2,4000,0.232,"{'1111': 842, '1110': 336, '1010': 75, '0001': 342, '1011': 142, '0010': 163, '0000': 823, '0011': 267, '0100': 136, '0101': 65, '1100': 260, '1101': 151, '0110': 66, '0111': 138, '1001': 66, '1000': 128}"
GHZ4_ZZZZ_vs_XXXX_BOOTSTRAP_AIC,18,5018,X,0.2,4000,0.096,"{'0100': 223, '1101': 215, '0010': 225, '1011': 234, '0101': 277, '1110': 230, '0011': 280, '1111': 299, '1001': 304, '0001': 218, '0110': 264, '1100': 260, '1000': 225, '0000': 275, '0111': 238, '1010': 233}"
GHZ4_ZZZZ_vs_XXXX_BOOTSTRAP_AIC,18,5018,Z,0.3,4000,0.0725,"{'1110': 315, '0100': 164, '1101': 259, '0011': 285, '1111': 550, '0010': 255, '1010': 140, '0001': 347, '1001': 140, '0000': 509, '0101': 135, '0110': 129, '1011': 174, '1100': 257, '0111': 176, '1000': 165}"
GHZ4_ZZZZ_vs_XXXX_BOOTSTRAP_AIC,18,5018,X,0.3,4000,0.036,"{'0100': 238, '1101': 228, '0010': 242, '1011': 246, '0101': 262, '1110': 247, '0011': 263, '1111': 282, '1001': 286, '0001': 233, '0110': 251, '1100': 247, '1000': 243, '0000': 260, '0111': 251, '1010': 221}"
GHZ4_ZZZZ_vs_XXXX_BOOTSTRAP_AIC,19,5019,Z,0.05,4000,0.713,"{'0100': 52, '1000': 54, '0000': 1605, '1110': 139, '1111': 1619, '0111': 61, '1100': 84, '0011': 97, '1001': 7, '0001': 129, '1101': 54, '0010': 42, '1011': 43, '0101': 5, '1010': 5, '0110': 4}"
GHZ4_ZZZZ_vs_XXXX_BOOTSTRAP_AIC,19,5019,X,0.05,4000,0.5415,"{'0111': 135, '0000': 402, '1111': 394, '0110': 375, '1001': 369, '0101': 369, '0100': 109, '1100': 413, '1101': 101, '0001': 107, '1011': 115, '0011': 388, '1010': 373, '1110': 121, '1000': 119, '0010': 110}"
GHZ4_ZZZZ_vs_XXXX_BOOTSTRAP_AIC,19,5019,Z,0.1,4000,0.5265,"{'1111': 1338, '0110': 21, '0000': 1310, '0010': 104, '1100': 172, '0111': 101, '0100': 79, '0001': 205, '1110': 210, '1000': 95, '1011': 74, '0011': 151, '0101': 24, '1101': 79, '1010': 23, '1001': 14}"
GHZ4_ZZZZ_vs_XXXX_BOOTSTRAP_AIC,19,5019,X,0.1,4000,0.2735,"{'0111': 207, '0000': 332, '1111': 320, '0110': 303, '1001': 309, '0101': 303, '0100': 175, '1100': 337, '1101': 177, '0001': 177, '1011': 174, '0011': 329, '0010': 169, '1010': 314, '1110': 195, '1000': 179}"
GHZ4_ZZZZ_vs_XXXX_BOOTSTRAP_AIC,19,5019,Z,0.2,4000,0.1915,"{'0111': 173, '0000': 825, '0011': 234, '0010': 178, '1011': 145, '0001': 342, '1110': 327, '1111': 864, '1100': 231, '1101': 169, '1000': 151, '1001': 55, '0100': 132, '0101': 59, '1010': 63, '0110': 52}"
GHZ4_ZZZZ_vs_XXXX_BOOTSTRAP_AIC,19,5019,X,0.2,4000,0.0555,"{'0111': 254, '1001': 245, '0001': 229, '1111': 262, '0110': 256, '0000': 280, '0100': 238, '1100': 275, '1101': 239, '0101': 240, '1011': 219, '0011': 284, '0010': 214, '1010': 269, '1110': 253, '1000': 243}"
GHZ4_ZZZZ_vs_XXXX_BOOTSTRAP_AIC,19,5019,Z,0.3,4000,0.0585,"{'0111': 207, '0000': 533, '1101': 243, '0100': 152, '1010': 108, '0011': 288, '0010': 266, '1111': 536, '1110': 363, '1011': 157, '0001': 316, '1100': 278, '1000': 179, '0110': 112, '1001': 141, '0101': 121}"
GHZ4_ZZZZ_vs_XXXX_BOOTSTRAP_AIC,19,5019,X,0.3,4000,-0.0025,"{'0111': 271, '1001': 236, '0001': 246, '1111': 247, '0110': 239, '0000': 263, '0100': 247, '1100': 248, '1101': 266, '0101': 231, '1011': 231, '0011': 274, '0010': 224, '1010': 257, '1110': 268, '1000': 252}"
GHZ4_ZZZZ_vs_XXXX_BOOTSTRAP_AIC,20,5020,Z,0.05,4000,0.739,"{'0000': 1651, '1111': 1622, '0100': 39, '1101': 47, '0011': 87, '0111': 40, '0001': 139, '0010': 52, '1011': 41, '1110': 114, '1100': 94, '1000': 50, '1010': 7, '1001': 3, '0101': 8, '0110': 6}"
GHZ4_ZZZZ_vs_XXXX_BOOTSTRAP_AIC,20,5020,X,0.05,4000,0.5685,"{'0000': 391, '1100': 411, '0110': 409, '1111': 384, '1001': 370, '0010': 108, '1011': 124, '1101': 103, '1010': 366, '0101': 388, '0001': 113, '1110': 110, '0111': 100, '0100': 95, '0011': 418, '1000': 110}"
GHZ4_ZZZZ_vs_XXXX_BOOTSTRAP_AIC,20,5020,Z,0.1,4000,0.518,"{'0000': 1321, '1111': 1330, '1011': 80, '0010': 96, '0100': 81, '1101': 96, '1110': 205, '0111': 78, '0011': 176, '0110': 15, '1001': 14, '0001': 241, '1100': 144, '1010': 22, '0101': 14, '1000': 87}"
GHZ4_ZZZZ_vs_XXXX_BOOTSTRAP_AIC,20,5020,X,0.1,4000,0.311,"{'0000': 337, '1100': 336, '0110': 354, '1111': 326, '1110': 168, '1001': 298, '0010': 190, '1011': 188, '1101': 178, '1010': 302, '0101': 333, '0001': 167, '0111': 155, '0100': 150, '0011': 336, '1000': 182}"
GHZ4_ZZZZ_vs_XXXX_BOOTSTRAP_AIC,20,5020,Z,0.2,4000,0.227,"{'0000': 856, '1111': 846, '0011': 272, '1110': 336, '0010': 184, '1011': 126, '1001': 58, '1101': 177, '0111': 122, '0110': 66, '0001': 312, '0100': 144, '1100': 230, '0101': 66, '1000': 145, '1010': 60}"
GHZ4_ZZZZ_vs_XXXX_BOOTSTRAP_AIC,20,5020,X,0.2,4000,0.0645,"{'1001': 245, '0001': 219, '1100': 262, '1110': 226, '0110': 289, '0000': 285, '0010': 250, '1011': 260, '1000': 235, '1101': 252, '1010': 230, '0100': 209, '0111': 220, '1111': 268, '0101': 274, '0011': 276}"
GHZ4_ZZZZ_vs_XXXX_BOOTSTRAP_AIC,20,5020,Z,0.3,4000,0.052,"{'0000': 526, '1110': 363, '1111': 509, '1101': 254, '0100': 188, '1001': 110, '0001': 352, '1010': 123, '1100': 280, '0011': 281, '0111': 155, '0110': 142, '0010': 245, '1011': 157, '0101': 133, '1000': 182}"
GHZ4_ZZZZ_vs_XXXX_BOOTSTRAP_AIC,20,5020,X,0.3,4000,0.005,"{'1001': 234, '0001': 240, '1100': 248, '1110': 247, '0110': 273, '0000': 264, '0010': 265, '1011': 269, '1000': 246, '1101': 266, '1010': 221, '0100': 221, '0111': 236, '1111': 247, '0101': 262, '0011': 261}"
GHZ4_ZZZZ_vs_XXXX_BOOTSTRAP_AIC,21,5021,Z,0.05,4000,0.731,"{'1111': 1654, '0100': 39, '1101': 43, '1000': 50, '0000': 1620, '0011': 92, '0001': 123, '0111': 58, '1011': 53, '1100': 82, '1110': 124, '0010': 48, '0101': 3, '1010': 3, '1001': 4, '0110': 4}"
GHZ4_ZZZZ_vs_XXXX_BOOTSTRAP_AIC,21,5021,X,0.05,4000,0.5685,"{'0101': 394, '1110': 110, '1001': 362, '1011': 100, '1111': 416, '0110': 394, '1100': 379, '0000': 402, '0111': 108, '1010': 422, '1101': 108, '0011': 368, '0010': 99, '1000': 116, '0100': 115, '0001': 107}"
GHZ4_ZZZZ_vs_XXXX_BOOTSTRAP_AIC,21,5021,Z,0.1,4000,0.4855,"{'1111': 1328, '0011': 155, '1100': 143, '0000': 1284, '0100': 91, '0111': 89, '1110': 248, '0001': 239, '1000': 94, '1101': 89, '0101': 12, '1001': 16, '1011': 77, '0010': 102, '1010': 18, '0110': 15}"
GHZ4_ZZZZ_vs_XXXX_BOOTSTRAP_AIC,21,5021,X,0.1,4000,0.3165,"{'0101': 329, '1110': 180, '1001': 297, '1011': 159, '0111': 177, '1100': 322, '0110': 325, '1111': 346, '0001': 168, '1010': 363, '1101': 165, '0000': 341, '0011': 310, '0010': 157, '1000': 181, '0100': 180}"
GHZ4_ZZZZ_vs_XXXX_BOOTSTRAP_AIC,21,5021,Z,0.2,4000,0.2275,"{'1111': 849, '1010': 56, '0010': 183, '0101': 53, '1110': 310, '0111': 129, '0000': 812, '1100': 270, '0011': 271, '0110': 78, '1101': 201, '0001': 327, '1000': 139, '0100': 134, '1001': 66, '1011': 122}"
GHZ4_ZZZZ_vs_XXXX_BOOTSTRAP_AIC,21,5021,X,0.2,4000,0.0935,"{'1110': 236, '1000': 231, '0100': 233, '1011': 225, '0111': 242, '1100': 266, '0110': 260, '1111': 290, '0001': 217, '1010': 297, '0101': 276, '1101': 221, '0000': 292, '0011': 259, '0010': 208, '1001': 247}"
GHZ4_ZZZZ_vs_XXXX_BOOTSTRAP_AIC,21,5021,Z,0.3,4000,0.076,"{'0110': 117, '1111': 542, '1001': 104, '0011': 292, '1101': 233, '0111': 176, '1110': 335, '0000': 534, '1011': 183, '0100': 188, '1100': 311, '0010': 248, '0001': 304, '1000': 181, '0101': 128, '1010': 124}"
GHZ4_ZZZZ_vs_XXXX_BOOTSTRAP_AIC,21,5021,X,0.3,4000,0.0435,"{'1110': 245, '1000': 243, '1101': 232, '0100': 250, '1011': 241, '0111': 249, '1111': 281, '0001': 232, '1010': 281, '0101': 259, '1100': 255, '0000': 277, '0011': 246, '0010': 221, '1001': 235, '0110': 253}"
GHZ4_ZZZZ_vs_XXXX_BOOTSTRAP_AIC,22,5022,Z,0.05,4000,0.719,"{'0000': 1598, '1110': 137, '1100': 89, '1111': 1653, '0010': 57, '1011': 50, '0001': 134, '0111': 43, '0100': 41, '0011': 76, '1001': 10, '1000': 50, '1101': 50, '1010': 4, '0110': 4, '0101': 4}"
GHZ4_ZZZZ_vs_XXXX_BOOTSTRAP_AIC,22,5022,X,0.05,4000,0.5495,"{'1111': 399, '0110': 383, '0000': 404, '0001': 124, '1001': 397, '1100': 393, '0011': 346, '0010': 104, '1101': 124, '0101': 384, '1000': 124, '1010': 393, '0111': 99, '1011': 104, '0100': 113, '1110': 109}"
GHZ4_ZZZZ_vs_XXXX_BOOTSTRAP_AIC,22,5022,Z,0.1,4000,0.5235,"{'1001': 25, '1010': 25, '0001': 222, '0000': 1290, '1100': 166, '1111': 1339, '1011': 75, '1110': 218, '0011': 165, '0111': 74, '1101': 106, '0010': 99, '0101': 19, '1000': 89, '0100': 70, '0110': 18}"
GHZ4_ZZZZ_vs_XXXX_BOOTSTRAP_AIC,22,5022,X,0.1,4000,0.302,"{'1111': 339, '0110': 331, '1000': 189, '0000': 331, '0001': 197, '1001': 332, '0010': 166, '0011': 284, '1100': 330, '1110': 169, '1101': 187, '0101': 327, '1010': 330, '1011': 167, '0111': 151, '0100': 170}"
GHZ4_ZZZZ_vs_XXXX_BOOTSTRAP_AIC,22,5022,Z,0.2,4000,0.2215,"{'1100': 248, '0011': 254, '1000': 150, '0000': 838, '1011': 142, '1111': 851, '1110': 333, '1001': 64, '0100': 137, '0111': 124, '0010': 188, '0001': 292, '1101': 191, '0101': 67, '0110': 57, '1010': 64}"
GHZ4_ZZZZ_vs_XXXX_BOOTSTRAP_AIC,22,5022,X,0.2,4000,0.07,"{'1111': 286, '0110': 265, '1000': 247, '0000': 273, '0001': 255, '1001': 274, '0010': 222, '0011': 228, '1100': 265, '1110': 222, '1101': 252, '0101': 276, '1010': 273, '1011': 224, '0111': 217, '0100': 221}"
GHZ4_ZZZZ_vs_XXXX_BOOTSTRAP_AIC,22,5022,Z,0.3,4000,0.091,"{'1101': 249, '0100': 181, '1000': 189, '0000': 544, '0001': 314, '1010': 138, '1111': 534, '1110': 346, '0011': 284, '1011': 159, '0110': 129, '1100': 298, '0111': 151, '0010': 229, '0101': 125, '1001': 130}"
GHZ4_ZZZZ_vs_XXXX_BOOTSTRAP_AIC,22,5022,X,0.3,4000,0.0005,"{'1111': 272, '0110': 249, '1000': 262, '0000': 259, '0001': 269, '1001': 259, '0010': 249, '1100': 245, '1110': 236, '1101': 272, '0101': 259, '1010': 257, '1011': 240, '0111': 233, '0011': 201, '0100': 238}"
GHZ4_ZZZZ_vs_XXXX_BOOTSTRAP_AIC,23,5023,Z,0.05,4000,0.717,"{'1000': 56, '0000': 1625, '1111': 1610, '1100': 79, '1110': 139, '0100': 53, '0111': 49, '0001': 127, '0011': 100, '0010': 50, '1011': 51, '0101': 7, '0110': 4, '1101': 41, '1001': 7, '1010': 2}"
GHZ4_ZZZZ_vs_XXXX_BOOTSTRAP_AIC,23,5023,X,0.05,4000,0.552,"{'0011': 377, '0000': 402, '1011': 128, '1111': 378, '0110': 378, '0101': 411, '1001': 378, '1010': 374, '1101': 112, '1100': 406, '0001': 104, '1000': 125, '0111': 125, '0010': 117, '1110': 84, '0100': 101}"
GHZ4_ZZZZ_vs_XXXX_BOOTSTRAP_AIC,23,5023,Z,0.1,4000,0.5245,"{'1000': 89, '0000': 1329, '1111': 1309, '0001': 213, '1110': 215, '1101': 95, '1011': 70, '1100': 163, '0110': 22, '0111': 91, '0011': 160, '0010': 87, '0100': 91, '1001': 27, '0101': 22, '1010': 17}"
GHZ4_ZZZZ_vs_XXXX_BOOTSTRAP_AIC,23,5023,X,0.1,4000,0.2915,"{'0011': 314, '1000': 182, '0000': 331, '1011': 197, '0110': 305, '0101': 349, '1001': 321, '1010': 305, '1111': 321, '1101': 181, '1100': 337, '0001': 175, '0111': 198, '0010': 180, '1110': 141, '0100': 163}"
GHZ4_ZZZZ_vs_XXXX_BOOTSTRAP_AIC,23,5023,Z,0.2,4000,0.207,"{'0000': 855, '1110': 346, '1100': 253, '0011': 249, '0010': 197, '1101': 176, '1001': 58, '1111': 814, '1011': 135, '0001': 298, '1000': 145, '0111': 160, '0100': 129, '0110': 66, '0101': 61, '1010': 58}"
GHZ4_ZZZZ_vs_XXXX_BOOTSTRAP_AIC,23,5023,X,0.2,4000,0.0645,"{'1011': 247, '0010': 243, '0000': 276, '0110': 245, '0101': 276, '1001': 276, '1010': 255, '0100': 236, '1000': 227, '1111': 271, '1101': 239, '0011': 251, '1100': 279, '0001': 230, '0111': 258, '1110': 191}"
GHZ4_ZZZZ_vs_XXXX_BOOTSTRAP_AIC,23,5023,Z,0.3,4000,0.0465,"{'1010': 133, '0001': 354, '0000': 525, '0100': 172, '1101': 260, '1100': 289, '0011': 311, '1011': 168, '1000': 182, '1111': 485, '1001': 110, '1110': 358, '0010': 217, '0111': 196, '0101': 117, '0110': 123}"
GHZ4_ZZZZ_vs_XXXX_BOOTSTRAP_AIC,23,5023,X,0.3,4000,0.002,"{'1011': 264, '0010': 268, '0000': 267, '0110': 233, '0101': 262, '1001': 259, '1010': 238, '0100': 250, '1000': 244, '1111': 258, '1101': 257, '0011': 226, '1100': 261, '0001': 239, '0111': 270, '1110': 204}"
GHZ4_ZZZZ_vs_XXXX_BOOTSTRAP_AIC,24,5024,Z,0.05,4000,0.715,"{'0000': 1632, '1111': 1611, '1011': 50, '1100': 85, '0100': 37, '1010': 4, '0001': 135, '0111': 50, '1101': 49, '1110': 153, '0010': 41, '0011': 89, '1000': 55, '1001': 4, '0101': 2, '0110': 3}"
GHZ4_ZZZZ_vs_XXXX_BOOTSTRAP_AIC,24,5024,X,0.05,4000,0.56,"{'1100': 386, '0011': 403, '1110': 100, '0101': 398, '0001': 97, '1010': 368, '1000': 122, '0000': 368, '1001': 411, '0010': 131, '0110': 395, '1111': 391, '0111': 102, '0100': 95, '1011': 107, '1101': 126}"
GHZ4_ZZZZ_vs_XXXX_BOOTSTRAP_AIC,24,5024,Z,0.1,4000,0.5115,"{'1000': 95, '0000': 1312, '0110': 19, '1111': 1294, '0001': 224, '1010': 18, '1101': 105, '1110': 226, '0010': 102, '1011': 78, '0111': 73, '1100': 177, '1001': 18, '0011': 161, '0101': 24, '0100': 74}"
GHZ4_ZZZZ_vs_XXXX_BOOTSTRAP_AIC,24,5024,X,0.1,4000,0.314,"{'0010': 201, '1110': 168, '0101': 345, '0011': 333, '1100': 326, '0001': 155, '1010': 304, '0000': 310, '1000': 180, '0100': 148, '0110': 334, '1001': 353, '1111': 323, '0111': 163, '1011': 171, '1101': 186}"
GHZ4_ZZZZ_vs_XXXX_BOOTSTRAP_AIC,24,5024,Z,0.2,4000,0.2055,"{'1000': 149, '0000': 830, '0010': 208, '1111': 836, '1101': 158, '0001': 305, '1110': 322, '0011': 251, '1100': 259, '0111': 134, '0100': 147, '1010': 61, '1011': 166, '0101': 58, '1001': 60, '0110': 56}"
GHZ4_ZZZZ_vs_XXXX_BOOTSTRAP_AIC,24,5024,X,0.2,4000,0.101,"{'0010': 250, '0100': 211, '1100': 272, '0001': 192, '1010': 250, '0101': 282, '1110': 223, '0000': 273, '0011': 284, '1000': 243, '0110': 283, '1001': 290, '1111': 268, '0111': 214, '1011': 225, '1101': 240}"
GHZ4_ZZZZ_vs_XXXX_BOOTSTRAP_AIC,24,5024,Z,0.3,4000,0.046,"{'0001': 371, '1100': 266, '0011': 298, '1110': 356, '1111': 510, '1000': 179, '0000': 486, '0010': 235, '0100': 185, '1011': 179, '0111': 161, '0101': 122, '1101': 242, '1001': 125, '1010': 154, '0110': 131}"
GHZ4_ZZZZ_vs_XXXX_BOOTSTRAP_AIC,24,5024,X,0.3,4000,0.041,"{'0010': 265, '0100': 226, '1100': 257, '0001': 211, '1010': 236, '0101': 267, '1110': 235, '0000': 254, '0011': 269, '1000': 259, '0110': 269, '1001': 274, '1111': 256, '0111': 228, '1011': 239, '1101': 255}"
GHZ4_ZZZZ_vs_XXXX_BOOTSTRAP_AIC,25,5025,Z,0.05,4000,0.7195,"{'0000': 1584, '1111': 1625, '0001': 137, '0011': 112, '1100': 105, '1101': 57, '1110': 143, '1011': 30, '0100': 48, '0010': 48, '1001': 4, '1000': 49, '0111': 49, '1010': 3, '0101': 4, '0110': 2}"
GHZ4_ZZZZ_vs_XXXX_BOOTSTRAP_AIC,25,5025,X,0.05,4000,0.561,"{'0101': 388, '1111': 385, '0110': 409, '1100': 377, '0011': 353, '1000': 93, '0100': 101, '1010': 370, '1110': 104, '1101': 115, '1001': 447, '1011': 125, '0111': 110, '0000': 393, '0001': 105, '0010': 125}"
GHZ4_ZZZZ_vs_XXXX_BOOTSTRAP_AIC,25,5025,Z,0.1,4000,0.4905,"{'1000': 79, '0000': 1282, '1010': 14, '0001': 222, '1111': 1292, '1100': 176, '0011': 172, '0101': 22, '0111': 87, '0110': 16, '0100': 98, '0010': 85, '1110': 229, '1011': 100, '1101': 119, '1001': 7}"
GHZ4_ZZZZ_vs_XXXX_BOOTSTRAP_AIC,25,5025,X,0.1,4000,0.296,"{'0101': 329, '1111': 318, '0110': 330, '1100': 323, '0011': 283, '1000': 172, '0111': 189, '0100': 160, '1110': 171, '1011': 179, '1101': 169, '1001': 368, '0010': 195, '0000': 325, '0001': 173, '1010': 316}"
GHZ4_ZZZZ_vs_XXXX_BOOTSTRAP_AIC,25,5025,Z,0.2,4000,0.2265,"{'0010': 197, '0011': 232, '0001': 287, '1111': 804, '0100': 147, '1000': 122, '0111': 139, '1110': 345, '1010': 81, '0000': 836, '0110': 84, '1101': 171, '1011': 139, '1100': 276, '0101': 62, '1001': 78}"
GHZ4_ZZZZ_vs_XXXX_BOOTSTRAP_AIC,25,5025,X,0.2,4000,0.0575,"{'1110': 228, '0101': 267, '1111': 261, '0110': 262, '1100': 264, '0011': 236, '1000': 244, '0111': 257, '0100': 222, '1011': 234, '1101': 228, '1001': 296, '0010': 242, '0000': 268, '0001': 230, '1010': 261}"
GHZ4_ZZZZ_vs_XXXX_BOOTSTRAP_AIC,25,5025,Z,0.3,4000,0.057,"{'0011': 292, '1101': 271, '0100': 172, '0010': 220, '0110': 139, '1111': 501, '1000': 172, '0111': 189, '1100': 269, '0101': 116, '1110': 331, '1001': 139, '0001': 339, '0000': 517, '1010': 141, '1011': 192}"
GHZ4_ZZZZ_vs_XXXX_BOOTSTRAP_AIC,25,5025,X,0.3,4000,0.009,"{'1110': 237, '0101': 250, '1111': 252, '0110': 251, '1100': 251, '0011': 225, '1000': 258, '0111': 268, '0100': 239, '1011': 242, '1101': 241, '0010': 253, '0000': 254, '0001': 244, '1001': 282, '1010': 253}"
GHZ4_ZZZZ_vs_XXXX_BOOTSTRAP_AIC,26,5026,Z,0.05,4000,0.739,"{'0000': 1621, '1111': 1647, '0100': 43, '1110': 137, '0001': 126, '0011': 94, '1100': 99, '0111': 47, '0010': 41, '1011': 35, '1000': 44, '1101': 49, '0110': 6, '1010': 2, '0101': 3, '1001': 6}"
GHZ4_ZZZZ_vs_XXXX_BOOTSTRAP_AIC,26,5026,X,0.05,4000,0.568,"{'0101': 377, '1111': 377, '0000': 355, '1010': 411, '0011': 432, '1100': 403, '1101': 93, '0111': 105, '1001': 394, '0110': 387, '0100': 116, '1110': 121, '0001': 100, '1011': 115, '0010': 109, '1000': 105}"
GHZ4_ZZZZ_vs_XXXX_BOOTSTRAP_AIC,26,5026,Z,0.1,4000,0.49,"{'0001': 227, '1111': 1312, '0000': 1295, '1110': 251, '0111': 80, '0011': 145, '1100': 154, '1011': 90, '0100': 88, '1101': 101, '0010': 111, '0110': 19, '1000': 72, '1010': 24, '0101': 16, '1001': 15}"
GHZ4_ZZZZ_vs_XXXX_BOOTSTRAP_AIC,26,5026,X,0.1,4000,0.316,"{'0101': 313, '1111': 320, '0000': 308, '1010': 350, '0011': 368, '1100': 327, '1101': 169, '0111': 178, '1001': 332, '0110': 314, '1011': 176, '0001': 147, '1000': 167, '0100': 180, '1110': 178, '0010': 173}"
GHZ4_ZZZZ_vs_XXXX_BOOTSTRAP_AIC,26,5026,Z,0.2,4000,0.222,"{'0010': 163, '1111': 834, '0000': 803, '1100': 280, '1110': 322, '0001': 358, '1101': 179, '0111': 134, '1010': 65, '0101': 53, '0011': 272, '1001': 68, '1000': 133, '1011': 138, '0110': 69, '0100': 129}"
GHZ4_ZZZZ_vs_XXXX_BOOTSTRAP_AIC,26,5026,X,0.2,4000,0.081,"{'1110': 247, '0101': 265, '1111': 251, '0000': 247, '1010': 296, '0011': 311, '1100': 259, '1101': 237, '0111': 228, '1011': 230, '1001': 269, '0110': 264, '1000': 230, '0001': 208, '0010': 230, '0100': 228}"
GHZ4_ZZZZ_vs_XXXX_BOOTSTRAP_AIC,26,5026,Z,0.3,4000,0.0315,"{'1100': 300, '0011': 274, '1111': 514, '0000': 473, '0010': 265, '1011': 184, '1110': 338, '0111': 178, '1001': 132, '0110': 107, '1101': 255, '0001': 370, '1000': 167, '1010': 129, '0101': 134, '0100': 180}"
GHZ4_ZZZZ_vs_XXXX_BOOTSTRAP_AIC,26,5026,X,0.3,4000,0.02,"{'0101': 247, '1111': 231, '0000': 238, '1010': 279, '0011': 293, '1100': 244, '0100': 246, '1101': 252, '1110': 267, '0111': 237, '1011': 247, '1001': 253, '0110': 255, '1000': 246, '0001': 217, '0010': 248}"
GHZ4_ZZZZ_vs_XXXX_BOOTSTRAP_AIC,27,5027,Z,0.05,4000,0.723,"{'1000': 32, '0000': 1600, '1111': 1652, '0001': 144, '0011': 96, '0111': 47, '1110': 144, '1011': 55, '0010': 48, '0101': 6, '1100': 76, '1010': 6, '0100': 44, '0110': 6, '1101': 40, '1001': 4}"
GHZ4_ZZZZ_vs_XXXX_BOOTSTRAP_AIC,27,5027,X,0.05,4000,0.541,"{'0101': 358, '1100': 396, '0011': 383, '1010': 361, '1111': 418, '0110': 396, '0000': 397, '1011': 114, '0111': 120, '0010': 98, '1001': 373, '1110': 125, '0001': 121, '1000': 106, '1101': 116, '0100': 118}"
GHZ4_ZZZZ_vs_XXXX_BOOTSTRAP_AIC,27,5027,Z,0.1,4000,0.527,"{'0001': 220, '0000': 1292, '1110': 217, '0011': 178, '0010': 95, '1111': 1351, '0100': 73, '0111': 93, '1100': 164, '1000': 81, '1101': 93, '1010': 13, '1011': 74, '1001': 16, '0101': 30, '0110': 10}"
GHZ4_ZZZZ_vs_XXXX_BOOTSTRAP_AIC,27,5027,X,0.1,4000,0.3045,"{'0101': 305, '0011': 322, '0010': 159, '1010': 303, '1111': 359, '0110': 335, '0000': 334, '0111': 181, '1011': 172, '1101': 183, '1100': 329, '1001': 322, '1110': 184, '0001': 184, '0100': 171, '1000': 157}"
GHZ4_ZZZZ_vs_XXXX_BOOTSTRAP_AIC,27,5027,Z,0.2,4000,0.232,"{'1100': 245, '0011': 257, '0000': 837, '0001': 322, '0010': 165, '0100': 139, '1111': 892, '0111': 152, '1110': 326, '1101': 161, '1011': 145, '1000': 126, '0110': 54, '0101': 65, '1001': 58, '1010': 56}"
GHZ4_ZZZZ_vs_XXXX_BOOTSTRAP_AIC,27,5027,X,0.2,4000,0.0675,"{'0101': 251, '0011': 262, '0010': 219, '0001': 247, '1010': 252, '1111': 286, '0110': 275, '0000': 271, '0111': 241, '1011': 223, '1101': 246, '1100': 266, '1001': 272, '1110': 257, '0100': 225, '1000': 207}"
GHZ4_ZZZZ_vs_XXXX_BOOTSTRAP_AIC,27,5027,Z,0.3,4000,0.0645,"{'0011': 261, '0001': 330, '1011': 169, '0010': 248, '0101': 129, '0100': 179, '0000': 534, '1111': 561, '0111': 181, '1101': 247, '1110': 360, '1100': 260, '1010': 134, '1000': 157, '1001': 121, '0110': 129}"
GHZ4_ZZZZ_vs_XXXX_BOOTSTRAP_AIC,27,5027,X,0.3,4000,0.009,"{'0101': 238, '0011': 242, '0010': 239, '0001': 261, '1010': 245, '1111': 264, '0110': 262, '0000': 257, '0111': 254, '1011': 230, '1101': 258, '1100': 254, '1001': 256, '1110': 279, '0100': 238, '1000': 223}"
GHZ4_ZZZZ_vs_XXXX_BOOTSTRAP_AIC,28,5028,Z,0.05,4000,0.733,"{'1111': 1652, '0100': 54, '0011': 81, '1000': 41, '0000': 1609, '0101': 4, '1110': 114, '1011': 41, '1100': 106, '0001': 148, '0010': 48, '1101': 46, '0111': 42, '1010': 4, '1001': 6, '0110': 4}"
GHZ4_ZZZZ_vs_XXXX_BOOTSTRAP_AIC,28,5028,X,0.05,4000,0.559,"{'0101': 396, '1110': 113, '0110': 391, '1111': 398, '1100': 384, '1001': 387, '1010': 384, '0111': 115, '0011': 402, '0000': 376, '1000': 105, '1011': 114, '1101': 125, '0010': 111, '0100': 95, '0001': 104}"
GHZ4_ZZZZ_vs_XXXX_BOOTSTRAP_AIC,28,5028,Z,0.1,4000,0.517,"{'0110': 21, '1111': 1348, '0100': 72, '1000': 82, '0000': 1300, '1100': 142, '0001': 223, '0010': 97, '0111': 83, '1101': 104, '1011': 97, '1001': 10, '0011': 176, '1110': 208, '0101': 18, '1010': 19}"
GHZ4_ZZZZ_vs_XXXX_BOOTSTRAP_AIC,28,5028,X,0.1,4000,0.306,"{'0101': 340, '1110': 175, '1100': 313, '0010': 172, '1011': 176, '0111': 175, '1001': 318, '0000': 311, '0011': 341, '1000': 174, '0110': 331, '1111': 336, '0001': 169, '1101': 196, '0100': 151, '1010': 322}"
GHZ4_ZZZZ_vs_XXXX_BOOTSTRAP_AIC,28,5028,Z,0.2,4000,0.225,"{'0110': 63, '1111': 869, '1110': 315, '0111': 131, '1011': 123, '0010': 196, '0000': 817, '0001': 316, '1000': 131, '0011': 250, '1100': 251, '1001': 77, '0100': 150, '0101': 67, '1101': 188, '1010': 56}"
GHZ4_ZZZZ_vs_XXXX_BOOTSTRAP_AIC,28,5028,X,0.2,4000,0.066,"{'0101': 268, '1110': 229, '1101': 258, '0010': 233, '1011': 243, '0111': 224, '1001': 254, '0000': 260, '0011': 280, '1000': 238, '0110': 282, '1111': 282, '0001': 220, '1100': 251, '0100': 223, '1010': 255}"
GHZ4_ZZZZ_vs_XXXX_BOOTSTRAP_AIC,28,5028,Z,0.3,4000,0.058,"{'1111': 524, '1110': 363, '0011': 296, '1100': 291, '0111': 172, '0001': 343, '1001': 123, '0000': 504, '0010': 238, '1000': 173, '0100': 178, '0101': 131, '1101': 245, '1010': 119, '0110': 128, '1011': 172}"
GHZ4_ZZZZ_vs_XXXX_BOOTSTRAP_AIC,28,5028,X,0.3,4000,0.011,"{'1110': 241, '0100': 236, '1101': 269, '0010': 253, '1011': 255, '0111': 242, '1001': 244, '0000': 246, '0011': 260, '1000': 248, '0101': 255, '0110': 264, '0001': 234, '1111': 270, '1100': 240, '1010': 243}"
GHZ4_ZZZZ_vs_XXXX_BOOTSTRAP_AIC,29,5029,Z,0.05,4000,0.727,"{'0001': 148, '1111': 1656, '1000': 37, '0000': 1606, '1101': 41, '1110': 130, '0111': 54, '0010': 44, '0011': 88, '1100': 93, '1011': 44, '1001': 4, '0100': 48, '0101': 1, '1010': 4, '0110': 2}"
GHZ4_ZZZZ_vs_XXXX_BOOTSTRAP_AIC,29,5029,X,0.05,4000,0.5795,"{'0110': 405, '0010': 92, '1011': 111, '0001': 97, '1010': 421, '0000': 413, '0100': 102, '1101': 100, '0011': 383, '1110': 121, '1001': 384, '1100': 392, '0101': 382, '1111': 379, '0111': 117, '1000': 101}"
GHZ4_ZZZZ_vs_XXXX_BOOTSTRAP_AIC,29,5029,Z,0.1,4000,0.504,"{'1100': 159, '0011': 174, '1111': 1313, '1110': 249, '0000': 1279, '1011': 74, '0010': 103, '1101': 102, '0001': 234, '0111': 84, '1000': 73, '0100': 73, '1010': 23, '1001': 16, '0101': 23, '0110': 21}"
GHZ4_ZZZZ_vs_XXXX_BOOTSTRAP_AIC,29,5029,X,0.1,4000,0.3105,"{'0110': 341, '0010': 156, '1011': 197, '0001': 165, '1010': 335, '0000': 345, '0100': 163, '1101': 173, '0011': 319, '1110': 186, '1001': 327, '1100': 319, '0101': 321, '1111': 314, '0111': 181, '1000': 158}"
GHZ4_ZZZZ_vs_XXXX_BOOTSTRAP_AIC,29,5029,Z,0.2,4000,0.2155,"{'0100': 142, '1110': 342, '0011': 261, '1100': 281, '0000': 820, '1111': 828, '0001': 311, '0010': 189, '1010': 65, '1011': 137, '1001': 58, '1101': 170, '0111': 150, '0101': 67, '1000': 128, '0110': 51}"
GHZ4_ZZZZ_vs_XXXX_BOOTSTRAP_AIC,29,5029,X,0.2,4000,0.0925,"{'0110': 293, '0010': 207, '1011': 244, '0001': 226, '1010': 288, '0000': 284, '0100': 219, '1101': 232, '0011': 268, '1110': 241, '1001': 268, '1100': 260, '0101': 265, '1000': 217, '1111': 259, '0111': 229}"
GHZ4_ZZZZ_vs_XXXX_BOOTSTRAP_AIC,29,5029,Z,0.3,4000,0.078,"{'1110': 341, '0101': 135, '0100': 169, '1101': 247, '0010': 239, '1011': 192, '0000': 528, '0001': 318, '1111': 513, '0110': 125, '1010': 117, '0011': 296, '1001': 138, '1100': 304, '0111': 181, '1000': 157}"
GHZ4_ZZZZ_vs_XXXX_BOOTSTRAP_AIC,29,5029,X,0.3,4000,0.03,"{'0110': 274, '0010': 227, '1011': 259, '0001': 242, '1010': 273, '0000': 268, '0100': 232, '1101': 244, '0011': 248, '1110': 259, '1001': 256, '1100': 248, '0101': 252, '1000': 229, '1111': 241, '0111': 248}"
